utc_timestamp,power,power_diff,machine_1,machine_2,machine_3,machine_4,machine_5
2016-04-21 15:45:00+00:00,11603.065,1.312000000005355,1.0,0.0,0.0,0.0,0.0
2016-06-15 14:45:00+00:00,55707.978,17.5,0.0,1.0,0.0,0.0,0.0
2016-07-20 06:45:00+00:00,64092.665,9.372000000003029,0.0,1.0,0.0,0.0,0.0
2016-07-16 14:30:00+00:00,93461.333,12.0,0.0,0.0,1.0,0.0,0.0
2016-05-10 07:15:00+00:00,169.79,0.0,0.0,0.0,0.0,1.0,0.0
2016-05-06 01:15:00+00:00,2002.718,0.3200000000006184,0.0,0.0,0.0,0.0,1.0
2015-12-25 15:45:00+00:00,111.007,0.0,0.0,0.0,0.0,1.0,0.0
2016-09-17 09:00:00+00:00,3427.455,0.3439999999991414,0.0,0.0,0.0,0.0,1.0
2016-05-06 15:30:00+00:00,2007.427,0.339999999999236,0.0,0.0,0.0,0.0,1.0
2015-11-10 19:00:00+00:00,2486.074,24.532000000001062,1.0,0.0,0.0,0.0,0.0
2016-01-27 03:45:00+00:00,22294.098,9.752000000007683,0.0,1.0,0.0,0.0,0.0
2016-01-01 14:45:00+00:00,5234.136,0.0,1.0,0.0,0.0,0.0,0.0
2016-03-20 08:45:00+00:00,34902.395,9.75199999997858,0.0,1.0,0.0,0.0,0.0
2016-04-12 23:00:00+00:00,1729.512,0.3440000000000509,0.0,0.0,0.0,0.0,1.0
2017-01-22 00:30:00+00:00,164998.083,16.24800000002142,0.0,0.0,1.0,0.0,0.0
2016-11-16 23:00:00+00:00,92634.759,9.0,0.0,1.0,0.0,0.0,0.0
2016-01-16 21:15:00+00:00,5668.011,0.3760000000002037,1.0,0.0,0.0,0.0,0.0
2016-02-28 04:15:00+00:00,29894.457,9.747999999992317,0.0,1.0,0.0,0.0,0.0
2016-03-09 10:45:00+00:00,32317.176,9.376000000003842,0.0,1.0,0.0,0.0,0.0
2016-08-09 00:15:00+00:00,3002.791,0.3600000000005821,0.0,0.0,0.0,0.0,1.0
2017-02-04 20:15:00+00:00,170500.146,16.0,0.0,0.0,1.0,0.0,0.0
2015-11-07 14:30:00+00:00,70.796,0.0,0.0,0.0,0.0,1.0,0.0
2015-10-28 05:30:00+00:00,1032.66,0.316000000000713,1.0,0.0,0.0,0.0,0.0
2016-11-04 20:45:00+00:00,136772.146,16.75199999997858,0.0,0.0,1.0,0.0,0.0
2015-12-27 03:00:00+00:00,27910.483,9.5,0.0,0.0,1.0,0.0,0.0
2016-09-13 04:15:00+00:00,250.481,0.0,0.0,0.0,0.0,1.0,0.0
2016-08-18 11:30:00+00:00,71315.665,9.623999999952504,0.0,1.0,0.0,0.0,0.0
2016-11-30 12:45:00+00:00,4119.924,0.2040000000015425,0.0,0.0,0.0,0.0,1.0
2016-06-03 18:45:00+00:00,2263.705,0.3199999999997089,0.0,0.0,0.0,0.0,1.0
2016-03-03 06:45:00+00:00,30859.926,9.751999999993131,0.0,1.0,0.0,0.0,0.0
2016-05-15 05:00:00+00:00,169.79,0.0,0.0,0.0,0.0,1.0,0.0
2016-04-27 01:15:00+00:00,166.931,0.0,0.0,0.0,0.0,1.0,0.0
2016-02-04 19:45:00+00:00,39421.24,12.0,0.0,0.0,1.0,0.0,0.0
2016-12-11 23:15:00+00:00,250.481,0.0,0.0,0.0,0.0,1.0,0.0
2015-11-30 11:15:00+00:00,481.561,0.3039999999998599,0.0,0.0,0.0,0.0,1.0
2015-10-27 12:45:00+00:00,4647.712,11.624000000003434,0.0,0.0,1.0,0.0,0.0
2015-12-14 13:15:00+00:00,96.257,0.0,0.0,0.0,0.0,1.0,0.0
2016-05-28 12:45:00+00:00,2213.648,0.3360000000011496,0.0,0.0,0.0,0.0,1.0
2015-10-28 19:15:00+00:00,25.236,0.132000000000005,0.0,0.0,0.0,1.0,0.0
2016-06-12 17:45:00+00:00,2352.095,0.3439999999991414,0.0,0.0,0.0,0.0,1.0
2016-08-13 19:15:00+00:00,20808.909,0.2519999999931315,1.0,0.0,0.0,0.0,0.0
2016-10-07 14:15:00+00:00,250.481,0.0,0.0,0.0,0.0,1.0,0.0
2016-09-10 08:30:00+00:00,250.481,0.0,0.0,0.0,0.0,1.0,0.0
2017-02-20 02:15:00+00:00,176636.646,16.0,0.0,0.0,1.0,0.0,0.0
2017-01-04 15:45:00+00:00,158204.146,12.5,0.0,0.0,1.0,0.0,0.0
2016-12-07 05:45:00+00:00,4147.494,0.0,0.0,0.0,0.0,0.0,1.0
2016-02-08 12:15:00+00:00,25226.66,9.936000000001512,0.0,1.0,0.0,0.0,0.0
2016-11-08 18:15:00+00:00,3924.791,0.3600000000005821,0.0,0.0,0.0,0.0,1.0
2015-10-20 11:00:00+00:00,1929.438,15.628000000000611,0.0,0.0,1.0,0.0,0.0
2016-06-08 22:00:00+00:00,81737.333,13.24800000002142,0.0,0.0,1.0,0.0,0.0
2015-10-28 16:00:00+00:00,156.471,0.3920000000000527,0.0,0.0,0.0,0.0,1.0
2016-12-23 13:30:00+00:00,4147.494,0.0,0.0,0.0,0.0,0.0,1.0
2016-05-28 15:00:00+00:00,77764.396,14.25199999997858,0.0,0.0,1.0,0.0,0.0
2015-11-28 00:15:00+00:00,96.257,0.0,0.0,0.0,0.0,1.0,0.0
2016-08-26 10:00:00+00:00,250.481,0.0,0.0,0.0,0.0,1.0,0.0
2016-10-11 12:30:00+00:00,3680.338,0.3600000000005821,0.0,0.0,0.0,0.0,1.0
2016-11-12 05:00:00+00:00,27281.299,0.0,1.0,0.0,0.0,0.0,0.0
2016-11-07 19:30:00+00:00,250.481,0.0,0.0,0.0,0.0,1.0,0.0
2016-01-28 11:00:00+00:00,6218.435,0.2520000000004074,1.0,0.0,0.0,0.0,0.0
2016-01-26 02:30:00+00:00,36586.552,11.62400000001071,0.0,0.0,1.0,0.0,0.0
2015-12-31 20:00:00+00:00,17282.288,2.2480000000068685,0.0,1.0,0.0,0.0,0.0
2017-01-27 10:30:00+00:00,107044.353,9.37599999998929,0.0,1.0,0.0,0.0,0.0
2016-06-14 15:45:00+00:00,15934.065,0.2520000000004074,1.0,0.0,0.0,0.0,0.0
2016-09-09 15:30:00+00:00,250.481,0.0,0.0,0.0,0.0,1.0,0.0
2017-01-13 12:15:00+00:00,298.134,0.0480000000000018,0.0,0.0,0.0,1.0,0.0
2017-02-28 10:15:00+00:00,4147.494,0.0,0.0,0.0,0.0,0.0,1.0
2016-06-25 00:00:00+00:00,16580.815,0.3759999999892898,1.0,0.0,0.0,0.0,0.0
2016-01-04 08:00:00+00:00,781.836,0.3279999999999745,0.0,0.0,0.0,0.0,1.0
2017-01-13 13:00:00+00:00,31975.143,0.1239999999961583,1.0,0.0,0.0,0.0,0.0
2016-09-20 13:15:00+00:00,250.481,0.0,0.0,0.0,0.0,1.0,0.0
2016-05-02 16:30:00+00:00,45274.603,12.0,0.0,1.0,0.0,0.0,0.0
2015-11-25 02:15:00+00:00,96.257,0.0,0.0,0.0,0.0,1.0,0.0
2016-04-03 23:30:00+00:00,9346.205,0.3720000000030268,1.0,0.0,0.0,0.0,0.0
2015-12-23 22:45:00+00:00,16872.867,2.0639999999984866,0.0,1.0,0.0,0.0,0.0
2016-08-05 08:15:00+00:00,2958.4,0.3600000000005821,0.0,0.0,0.0,0.0,1.0
2016-12-22 21:45:00+00:00,281.431,0.0319999999999254,0.0,0.0,0.0,1.0,0.0
2016-03-24 16:45:00+00:00,166.931,0.0,0.0,0.0,0.0,1.0,0.0
2016-12-23 06:30:00+00:00,30974.362,0.0,1.0,0.0,0.0,0.0,0.0
2016-08-29 03:45:00+00:00,109297.771,16.75199999997858,0.0,0.0,1.0,0.0,0.0
2016-04-20 03:00:00+00:00,1786.543,0.3279999999995198,0.0,0.0,0.0,0.0,1.0
2015-11-03 07:15:00+00:00,205.557,0.3439999999999372,0.0,0.0,0.0,0.0,1.0
2015-12-19 22:00:00+00:00,659.566,0.3520000000003165,0.0,0.0,0.0,0.0,1.0
2016-03-25 03:15:00+00:00,36046.988,9.747999999992317,0.0,1.0,0.0,0.0,0.0
2015-12-27 01:00:00+00:00,27891.358,10.0,0.0,0.0,1.0,0.0,0.0
2016-10-04 01:00:00+00:00,250.481,0.0,0.0,0.0,0.0,1.0,0.0
2016-12-12 04:45:00+00:00,250.481,0.0,0.0,0.0,0.0,1.0,0.0
2015-12-28 14:30:00+00:00,728.577,0.3240000000000691,0.0,0.0,0.0,0.0,1.0
2016-03-21 08:45:00+00:00,1535.381,0.3119999999998981,0.0,0.0,0.0,0.0,1.0
2017-01-09 10:45:00+00:00,31317.424,16.5,1.0,0.0,0.0,0.0,0.0
2016-09-15 12:45:00+00:00,3412.06,0.3600000000005821,0.0,0.0,0.0,0.0,1.0
2016-05-09 14:15:00+00:00,71227.458,14.24800000002142,0.0,0.0,1.0,0.0,0.0
2016-05-29 23:00:00+00:00,14592.752,0.0,1.0,0.0,0.0,0.0,0.0
2016-09-14 09:45:00+00:00,116070.396,16.5,0.0,0.0,1.0,0.0,0.0
2017-01-02 05:15:00+00:00,4147.494,0.0,0.0,0.0,0.0,0.0,1.0
2016-12-30 06:00:00+00:00,4147.494,0.0,0.0,0.0,0.0,0.0,1.0
2016-06-10 15:15:00+00:00,169.79,0.0,0.0,0.0,0.0,1.0,0.0
2017-03-05 15:15:00+00:00,181979.708,16.0,0.0,0.0,1.0,0.0,0.0
2015-11-25 16:30:00+00:00,16414.827,16.37600000000384,0.0,0.0,1.0,0.0,0.0
2016-05-08 16:15:00+00:00,12815.127,0.2479999999995925,1.0,0.0,0.0,0.0,0.0
2015-12-14 22:15:00+00:00,96.257,0.0,0.0,0.0,0.0,1.0,0.0
2016-04-21 15:00:00+00:00,11602.065,1.2520000000004077,1.0,0.0,0.0,0.0,0.0
2015-11-10 14:30:00+00:00,6654.846,10.81199999999808,0.0,1.0,0.0,0.0,0.0
2017-02-25 08:15:00+00:00,113847.384,9.62400000001071,0.0,1.0,0.0,0.0,0.0
2016-11-02 20:45:00+00:00,89261.384,9.62400000001071,0.0,1.0,0.0,0.0,0.0
2016-12-09 01:15:00+00:00,97914.415,9.623999999952504,0.0,1.0,0.0,0.0,0.0
2016-04-14 03:00:00+00:00,40758.801,9.752000000007683,0.0,1.0,0.0,0.0,0.0
2016-07-11 14:30:00+00:00,2696.429,0.3559999999997671,0.0,0.0,0.0,0.0,1.0
2016-06-28 11:15:00+00:00,16635.096,33.24800000000687,1.0,0.0,0.0,0.0,0.0
2016-09-09 14:45:00+00:00,3318.092,0.3600000000005821,0.0,0.0,0.0,0.0,1.0
2017-02-24 21:15:00+00:00,4147.494,0.0,0.0,0.0,0.0,0.0,1.0
2015-12-13 06:00:00+00:00,4628.574,0.1879999999982828,1.0,0.0,0.0,0.0,0.0
2017-02-25 07:15:00+00:00,361.444,0.02800000000002,0.0,0.0,0.0,1.0,0.0
2016-04-28 05:30:00+00:00,1938.737,0.3360000000002401,0.0,0.0,0.0,0.0,1.0
2016-06-04 10:30:00+00:00,169.79,0.0,0.0,0.0,0.0,1.0,0.0
2016-01-13 19:00:00+00:00,5501.324,0.2519999999967695,1.0,0.0,0.0,0.0,0.0
2016-01-24 18:30:00+00:00,1000.508,0.3120000000003529,0.0,0.0,0.0,0.0,1.0
2016-12-28 23:45:00+00:00,4147.494,0.0,0.0,0.0,0.0,0.0,1.0
2016-10-30 10:45:00+00:00,250.481,0.0,0.0,0.0,0.0,1.0,0.0
2016-11-21 16:15:00+00:00,93753.853,9.62400000001071,0.0,1.0,0.0,0.0,0.0
2017-02-07 04:00:00+00:00,33346.362,0.2520000000076834,1.0,0.0,0.0,0.0,0.0
2016-06-30 15:30:00+00:00,16857.284,0.0,1.0,0.0,0.0,0.0,0.0
2016-07-21 12:15:00+00:00,94952.833,12.24800000002142,0.0,0.0,1.0,0.0,0.0
2016-04-17 12:15:00+00:00,41560.113,9.747999999992317,0.0,1.0,0.0,0.0,0.0
2016-05-30 17:00:00+00:00,2231.16,0.3279999999995198,0.0,0.0,0.0,0.0,1.0
2016-10-24 01:15:00+00:00,3793.099,0.3440000000009604,0.0,0.0,0.0,0.0,1.0
2016-04-29 17:00:00+00:00,68482.896,7.5,0.0,0.0,1.0,0.0,0.0
2016-06-24 08:15:00+00:00,198.962,0.0,0.0,0.0,0.0,1.0,0.0
2016-07-06 11:30:00+00:00,90548.771,12.25199999997858,0.0,0.0,1.0,0.0,0.0
2016-07-20 08:00:00+00:00,2789.603,0.3360000000011496,0.0,0.0,0.0,0.0,1.0
2016-07-27 06:00:00+00:00,65713.572,7.128000000026077,0.0,1.0,0.0,0.0,0.0
2016-09-25 04:30:00+00:00,120451.271,16.25199999997858,0.0,0.0,1.0,0.0,0.0
2016-08-31 02:45:00+00:00,110108.021,17.25199999997858,0.0,0.0,1.0,0.0,0.0
2017-01-12 10:45:00+00:00,31827.877,24.187999999994645,1.0,0.0,0.0,0.0,0.0
2016-08-20 15:30:00+00:00,71835.259,9.876000000047496,0.0,1.0,0.0,0.0,0.0
2016-02-05 11:45:00+00:00,1160.881,0.4120000000002619,0.0,0.0,0.0,0.0,1.0
2016-10-14 08:00:00+00:00,84969.665,9.747999999963213,0.0,1.0,0.0,0.0,0.0
2015-11-19 20:45:00+00:00,14098.608,16.5,0.0,0.0,1.0,0.0,0.0
2015-10-29 20:15:00+00:00,26.863,0.0,0.0,0.0,0.0,1.0,0.0
2015-11-01 17:00:00+00:00,192.208,0.3360000000000127,0.0,0.0,0.0,0.0,1.0
2016-08-06 11:00:00+00:00,20333.127,0.3720000000030268,1.0,0.0,0.0,0.0,0.0
2016-03-19 16:00:00+00:00,166.931,0.0,0.0,0.0,0.0,1.0,0.0
2016-10-04 22:45:00+00:00,124409.458,16.0,0.0,0.0,1.0,0.0,0.0
2016-02-26 01:30:00+00:00,1343.342,0.3280000000004293,0.0,0.0,0.0,0.0,1.0
2016-10-01 16:45:00+00:00,3564.392,0.3279999999995198,0.0,0.0,0.0,0.0,1.0
2016-04-16 11:15:00+00:00,1757.481,0.3119999999998981,0.0,0.0,0.0,0.0,1.0
2016-07-28 14:45:00+00:00,97087.583,28.5,0.0,0.0,1.0,0.0,0.0
2016-03-16 03:30:00+00:00,33902.926,9.752000000007683,0.0,1.0,0.0,0.0,0.0
2016-03-14 23:15:00+00:00,1484.782,0.3199999999997089,0.0,0.0,0.0,0.0,1.0
2017-01-22 06:30:00+00:00,307.521,0.0320000000001527,0.0,0.0,0.0,1.0,0.0
2016-07-24 08:00:00+00:00,2821.545,0.3360000000011496,0.0,0.0,0.0,0.0,1.0
2015-11-28 08:30:00+00:00,466.179,0.2999999999999545,0.0,0.0,0.0,0.0,1.0
2016-08-10 00:30:00+00:00,224.071,0.0,0.0,0.0,0.0,1.0,0.0
2016-11-15 05:15:00+00:00,140993.271,16.75199999997858,0.0,0.0,1.0,0.0,0.0
2016-02-26 20:15:00+00:00,45827.958,14.5,0.0,0.0,1.0,0.0,0.0
2016-12-20 13:00:00+00:00,30710.393,29.936000000001517,1.0,0.0,0.0,0.0,0.0
2016-01-14 14:30:00+00:00,889.692,2.0920000000000982,0.0,0.0,0.0,0.0,1.0
2016-09-20 12:00:00+00:00,79261.665,9.623999999952504,0.0,1.0,0.0,0.0,0.0
2016-11-14 01:00:00+00:00,250.481,0.0,0.0,0.0,0.0,1.0,0.0
2015-11-24 20:15:00+00:00,96.257,0.0,0.0,0.0,0.0,1.0,0.0
2016-07-29 07:00:00+00:00,224.071,0.0,0.0,0.0,0.0,1.0,0.0
2016-09-05 02:45:00+00:00,250.481,0.0,0.0,0.0,0.0,1.0,0.0
2016-02-13 19:00:00+00:00,111.007,0.0,0.0,0.0,0.0,1.0,0.0
2017-02-11 16:45:00+00:00,349.923,0.0480000000000018,0.0,0.0,0.0,1.0,0.0
2016-07-10 20:45:00+00:00,61780.947,9.627999999996971,0.0,1.0,0.0,0.0,0.0
2016-12-03 02:45:00+00:00,96504.572,9.628000000026075,0.0,1.0,0.0,0.0,0.0
2016-02-13 12:15:00+00:00,41957.146,12.0,0.0,0.0,1.0,0.0,0.0
2017-02-16 22:45:00+00:00,111880.509,9.62400000001071,0.0,1.0,0.0,0.0,0.0
2016-09-11 20:00:00+00:00,77197.915,9.623999999952504,0.0,1.0,0.0,0.0,0.0
2017-01-25 18:45:00+00:00,32505.862,0.0,1.0,0.0,0.0,0.0,0.0
2016-07-18 12:15:00+00:00,18142.127,0.2480000000068685,1.0,0.0,0.0,0.0,0.0
2015-12-30 10:30:00+00:00,111.007,0.0,0.0,0.0,0.0,1.0,0.0
2016-08-28 09:15:00+00:00,250.481,0.0,0.0,0.0,0.0,1.0,0.0
2015-11-07 00:45:00+00:00,2195.613,0.3119999999998981,1.0,0.0,0.0,0.0,0.0
2016-12-19 10:30:00+00:00,30436.846,22.37600000000384,1.0,0.0,0.0,0.0,0.0
2016-12-11 10:00:00+00:00,98467.072,9.628000000026075,0.0,1.0,0.0,0.0,0.0
2016-10-11 10:15:00+00:00,3679.552,0.3559999999997671,0.0,0.0,0.0,0.0,1.0
2016-09-28 20:00:00+00:00,121952.083,12.24800000002142,0.0,0.0,1.0,0.0,0.0
2015-11-12 05:00:00+00:00,300.087,0.3599999999998999,0.0,0.0,0.0,0.0,1.0
2017-01-15 17:00:00+00:00,4147.494,0.0,0.0,0.0,0.0,0.0,1.0
2015-11-30 13:30:00+00:00,18412.608,29.74800000000687,0.0,0.0,1.0,0.0,0.0
2017-01-04 09:00:00+00:00,158123.021,11.0,0.0,0.0,1.0,0.0,0.0
2016-01-05 16:15:00+00:00,29928.858,2.0,0.0,0.0,1.0,0.0,0.0
2015-10-24 03:15:00+00:00,764.175,0.2479999999995925,1.0,0.0,0.0,0.0,0.0
2016-07-28 16:30:00+00:00,2894.33,0.3439999999991414,0.0,0.0,0.0,0.0,1.0
2016-12-04 00:30:00+00:00,96714.165,9.5,0.0,1.0,0.0,0.0,0.0
2016-06-14 15:15:00+00:00,15933.971,0.3119999999980791,1.0,0.0,0.0,0.0,0.0
2015-12-17 09:45:00+00:00,4909.042,0.2480000000032305,1.0,0.0,0.0,0.0,0.0
2017-01-01 02:30:00+00:00,157329.146,5.25199999997858,0.0,0.0,1.0,0.0,0.0
2015-12-27 00:00:00+00:00,111.007,0.0,0.0,0.0,0.0,1.0,0.0
2016-07-02 08:00:00+00:00,16998.159,0.2519999999931315,1.0,0.0,0.0,0.0,0.0
2016-06-08 15:15:00+00:00,54042.103,10.0,0.0,1.0,0.0,0.0,0.0
2016-10-21 14:00:00+00:00,86684.509,9.62400000001071,0.0,1.0,0.0,0.0,0.0
2016-11-24 21:30:00+00:00,94521.853,9.62400000001071,0.0,1.0,0.0,0.0,0.0
2016-11-26 05:30:00+00:00,250.481,0.0,0.0,0.0,0.0,1.0,0.0
2016-09-22 03:45:00+00:00,119240.021,14.75199999997858,0.0,0.0,1.0,0.0,0.0
2016-02-20 02:30:00+00:00,1296.372,0.3119999999998981,0.0,0.0,0.0,0.0,1.0
2016-01-10 12:00:00+00:00,31541.296,16.5,0.0,0.0,1.0,0.0,0.0
2016-07-12 13:00:00+00:00,17671.284,0.2519999999931315,1.0,0.0,0.0,0.0,0.0
2016-05-25 18:45:00+00:00,50750.572,9.5,0.0,1.0,0.0,0.0,0.0
2015-11-23 07:15:00+00:00,9840.148,10.375999999996566,0.0,1.0,0.0,0.0,0.0
2016-06-06 22:15:00+00:00,2288.935,0.3279999999995198,0.0,0.0,0.0,0.0,1.0
2016-06-30 17:00:00+00:00,2595.845,0.3279999999995198,0.0,0.0,0.0,0.0,1.0
2016-05-01 15:30:00+00:00,166.931,0.0,0.0,0.0,0.0,1.0,0.0
2015-12-30 02:45:00+00:00,740.549,0.3359999999997853,0.0,0.0,0.0,0.0,1.0
2016-08-05 20:45:00+00:00,2962.74,0.3599999999987631,0.0,0.0,0.0,0.0,1.0
2016-07-21 01:30:00+00:00,224.071,0.0,0.0,0.0,0.0,1.0,0.0
2016-10-03 22:30:00+00:00,123991.583,17.0,0.0,0.0,1.0,0.0,0.0
2016-08-26 19:30:00+00:00,73330.009,10.0,0.0,1.0,0.0,0.0,0.0
2016-07-18 11:15:00+00:00,94014.958,12.24800000002142,0.0,0.0,1.0,0.0,0.0
2015-12-29 23:45:00+00:00,28571.233,9.5,0.0,0.0,1.0,0.0,0.0
2017-02-27 20:45:00+00:00,34803.659,0.3759999999892898,1.0,0.0,0.0,0.0,0.0
2016-08-07 16:30:00+00:00,224.071,0.0,0.0,0.0,0.0,1.0,0.0
2016-02-04 05:45:00+00:00,1140.324,0.316000000000713,0.0,0.0,0.0,0.0,1.0
2017-02-13 22:45:00+00:00,111158.572,9.25199999997858,0.0,1.0,0.0,0.0,0.0
2016-03-28 18:45:00+00:00,9046.362,0.2519999999931315,1.0,0.0,0.0,0.0,0.0
2016-07-03 05:30:00+00:00,198.962,0.0,0.0,0.0,0.0,1.0,0.0
2016-08-10 20:30:00+00:00,101671.771,12.25199999997858,0.0,0.0,1.0,0.0,0.0
2017-02-04 22:15:00+00:00,109032.509,9.62400000001071,0.0,1.0,0.0,0.0,0.0
2016-02-04 13:00:00+00:00,24298.645,13.919999999998254,0.0,1.0,0.0,0.0,0.0
2016-12-29 21:30:00+00:00,101259.759,1.1240000000107102,0.0,1.0,0.0,0.0,0.0
2016-01-02 17:45:00+00:00,17381.523,2.188000000009197,0.0,1.0,0.0,0.0,0.0
2016-10-07 14:15:00+00:00,3647.431,0.3279999999995198,0.0,0.0,0.0,0.0,1.0
2016-10-30 00:30:00+00:00,134490.208,16.24800000002142,0.0,0.0,1.0,0.0,0.0
2016-02-06 16:45:00+00:00,111.007,0.0,0.0,0.0,0.0,1.0,0.0
2015-11-30 06:30:00+00:00,3602.824,0.3119999999998981,1.0,0.0,0.0,0.0,0.0
2016-11-03 22:45:00+00:00,3884.529,0.3439999999991414,0.0,0.0,0.0,0.0,1.0
2017-02-17 12:00:00+00:00,355.573,0.0319999999999254,0.0,0.0,0.0,1.0,0.0
2016-12-22 04:00:00+00:00,280.841,0.0319999999999254,0.0,0.0,0.0,1.0,0.0
2016-01-31 17:30:00+00:00,23374.067,9.687999999994643,0.0,1.0,0.0,0.0,0.0
2017-02-27 23:45:00+00:00,179772.833,16.0,0.0,0.0,1.0,0.0,0.0
2015-11-05 21:00:00+00:00,5459.611,10.31199999999808,0.0,1.0,0.0,0.0,0.0
2016-12-24 00:00:00+00:00,30974.362,0.0,1.0,0.0,0.0,0.0,0.0
2016-11-19 01:45:00+00:00,93134.822,9.87599999998929,0.0,1.0,0.0,0.0,0.0
2017-02-08 21:30:00+00:00,347.794,0.0480000000000018,0.0,0.0,0.0,1.0,0.0
2016-09-12 07:30:00+00:00,115180.083,16.24800000002142,0.0,0.0,1.0,0.0,0.0
2015-10-16 07:15:00+00:00,0.0,0.0,0.0,0.0,0.0,1.0,0.0
2016-01-11 12:00:00+00:00,31929.077,11.5,0.0,0.0,1.0,0.0,0.0
2017-03-01 10:30:00+00:00,4147.494,0.0,0.0,0.0,0.0,0.0,1.0
2016-08-13 17:15:00+00:00,20808.346,0.2480000000068685,1.0,0.0,0.0,0.0,0.0
2016-01-11 16:30:00+00:00,839.984,0.3120000000003529,0.0,0.0,0.0,0.0,1.0
2016-02-27 20:30:00+00:00,1357.463,0.3440000000000509,0.0,0.0,0.0,0.0,1.0
2016-07-19 12:00:00+00:00,63912.04,11.747999999992317,0.0,1.0,0.0,0.0,0.0
2016-09-24 10:45:00+00:00,24537.127,0.2480000000068685,1.0,0.0,0.0,0.0,0.0
2015-12-11 05:45:00+00:00,591.003,0.3240000000000691,0.0,0.0,0.0,0.0,1.0
2016-05-28 17:30:00+00:00,77798.833,14.0,0.0,0.0,1.0,0.0,0.0
2016-06-23 18:30:00+00:00,16456.284,0.1279999999969732,1.0,0.0,0.0,0.0,0.0
2016-10-29 04:00:00+00:00,88395.728,6.0,0.0,1.0,0.0,0.0,0.0
2016-05-23 02:30:00+00:00,14463.752,0.2479999999995925,1.0,0.0,0.0,0.0,0.0
2016-09-03 01:45:00+00:00,111352.958,17.24800000002142,0.0,0.0,1.0,0.0,0.0
2016-05-22 19:45:00+00:00,169.79,0.0,0.0,0.0,0.0,1.0,0.0
2016-09-25 11:45:00+00:00,24542.034,0.1279999999969732,1.0,0.0,0.0,0.0,0.0
2016-05-10 09:00:00+00:00,13099.377,32.74799999999959,1.0,0.0,0.0,0.0,0.0
2016-10-14 08:15:00+00:00,25488.846,32.43600000000151,1.0,0.0,0.0,0.0,0.0
2017-02-13 05:30:00+00:00,33991.737,0.2520000000076834,1.0,0.0,0.0,0.0,0.0
2016-03-20 00:45:00+00:00,54594.521,16.252000000007683,0.0,0.0,1.0,0.0,0.0
2016-05-08 22:00:00+00:00,169.79,0.0,0.0,0.0,0.0,1.0,0.0
2015-12-09 06:30:00+00:00,21910.921,16.5,0.0,0.0,1.0,0.0,0.0
2016-07-09 16:00:00+00:00,2680.205,0.3600000000005821,0.0,0.0,0.0,0.0,1.0
2016-12-27 08:30:00+00:00,156713.458,5.74800000002142,0.0,0.0,1.0,0.0,0.0
2016-12-14 15:45:00+00:00,30346.299,0.2479999999923166,1.0,0.0,0.0,0.0,0.0
2016-03-02 18:00:00+00:00,1388.151,0.3360000000002401,0.0,0.0,0.0,0.0,1.0
2016-06-28 10:15:00+00:00,88093.833,11.5,0.0,0.0,1.0,0.0,0.0
2016-06-27 03:30:00+00:00,2539.302,0.3360000000011496,0.0,0.0,0.0,0.0,1.0
2016-06-22 21:45:00+00:00,57454.947,9.87599999998929,0.0,1.0,0.0,0.0,0.0
2016-09-26 22:00:00+00:00,80787.165,10.123999999952504,0.0,1.0,0.0,0.0,0.0
2016-08-26 07:45:00+00:00,250.481,0.0,0.0,0.0,0.0,1.0,0.0
2016-05-14 21:15:00+00:00,48151.915,9.62400000001071,0.0,1.0,0.0,0.0,0.0
2016-06-20 16:00:00+00:00,2484.859,0.3600000000005821,0.0,0.0,0.0,0.0,1.0
2016-07-11 01:15:00+00:00,198.962,0.0,0.0,0.0,0.0,1.0,0.0
2016-04-16 00:45:00+00:00,166.931,0.0,0.0,0.0,0.0,1.0,0.0
2015-12-07 17:30:00+00:00,4240.136,1.3760000000002035,1.0,0.0,0.0,0.0,0.0
2016-10-23 06:45:00+00:00,87082.603,9.752000000036787,0.0,1.0,0.0,0.0,0.0
2016-12-13 10:45:00+00:00,98943.29,9.5,0.0,1.0,0.0,0.0,0.0
2016-03-25 15:15:00+00:00,36162.863,9.623999999981606,0.0,1.0,0.0,0.0,0.0
2016-12-08 08:00:00+00:00,150416.771,16.5,0.0,0.0,1.0,0.0,0.0
2015-12-08 21:15:00+00:00,13813.476,10.252000000000407,0.0,1.0,0.0,0.0,0.0
2017-01-07 21:00:00+00:00,4147.494,0.0,0.0,0.0,0.0,0.0,1.0
2016-08-06 05:45:00+00:00,100314.583,11.74800000002142,0.0,0.0,1.0,0.0,0.0
2017-03-01 03:45:00+00:00,4147.494,0.0,0.0,0.0,0.0,0.0,1.0
2015-10-23 13:00:00+00:00,79.515,0.3519999999999754,0.0,0.0,0.0,0.0,1.0
2016-04-30 02:00:00+00:00,1953.52,0.3360000000002401,0.0,0.0,0.0,0.0,1.0
2016-02-28 00:30:00+00:00,1358.776,0.3360000000002401,0.0,0.0,0.0,0.0,1.0
2016-01-30 06:30:00+00:00,37772.927,11.62400000001071,0.0,0.0,1.0,0.0,0.0
2016-07-02 05:15:00+00:00,2608.095,0.3439999999991414,0.0,0.0,0.0,0.0,1.0
2016-09-24 12:45:00+00:00,250.481,0.0,0.0,0.0,0.0,1.0,0.0
2015-11-15 08:30:00+00:00,70.796,0.0,0.0,0.0,0.0,1.0,0.0
2017-02-24 21:45:00+00:00,361.155,0.043999999999869,0.0,0.0,0.0,1.0,0.0
2016-07-18 09:00:00+00:00,63612.447,9.87599999998929,0.0,1.0,0.0,0.0,0.0
2016-02-15 20:15:00+00:00,7278.018,0.3120000000017171,1.0,0.0,0.0,0.0,0.0
2015-11-14 16:15:00+00:00,2623.269,0.0,1.0,0.0,0.0,0.0,0.0
2016-04-03 01:15:00+00:00,1635.821,0.3119999999998981,0.0,0.0,0.0,0.0,1.0
2016-09-29 12:30:00+00:00,25019.221,0.2480000000068685,1.0,0.0,0.0,0.0,0.0
2015-10-30 18:00:00+00:00,26.863,0.0,0.0,0.0,0.0,1.0,0.0
2017-02-20 01:00:00+00:00,4147.494,0.0,0.0,0.0,0.0,0.0,1.0
2015-12-29 14:00:00+00:00,736.336,0.3519999999998617,0.0,0.0,0.0,0.0,1.0
2016-10-26 20:30:00+00:00,26533.346,1.4360000000015134,1.0,0.0,0.0,0.0,0.0
2016-02-05 21:45:00+00:00,24623.41,9.687999999994643,0.0,1.0,0.0,0.0,0.0
2017-01-13 23:45:00+00:00,103924.009,9.24800000002142,0.0,1.0,0.0,0.0,0.0
2016-12-14 07:45:00+00:00,99148.728,9.5,0.0,1.0,0.0,0.0,0.0
2017-01-26 01:30:00+00:00,166618.208,16.24800000002142,0.0,0.0,1.0,0.0,0.0
2016-07-17 16:00:00+00:00,93769.833,12.0,0.0,0.0,1.0,0.0,0.0
2016-03-26 12:30:00+00:00,36368.145,10.0,0.0,1.0,0.0,0.0,0.0
2016-01-09 15:30:00+00:00,823.878,0.3279999999999745,0.0,0.0,0.0,0.0,1.0
2016-05-18 02:30:00+00:00,2097.677,0.3199999999997089,0.0,0.0,0.0,0.0,1.0
2016-08-29 23:00:00+00:00,250.481,0.0,0.0,0.0,0.0,1.0,0.0
2016-12-14 22:45:00+00:00,30348.268,0.3760000000038417,1.0,0.0,0.0,0.0,0.0
2016-01-12 01:15:00+00:00,111.007,0.0,0.0,0.0,0.0,1.0,0.0
2015-12-07 04:00:00+00:00,96.257,0.0,0.0,0.0,0.0,1.0,0.0
2017-02-16 13:45:00+00:00,354.866,0.0480000000000018,0.0,0.0,0.0,1.0,0.0
2016-08-11 16:00:00+00:00,101936.646,18.0,0.0,0.0,1.0,0.0,0.0
2017-03-04 12:30:00+00:00,35147.721,0.0,1.0,0.0,0.0,0.0,0.0
2015-10-30 23:00:00+00:00,3927.377,10.188000000000102,0.0,1.0,0.0,0.0,0.0
2016-04-27 15:30:00+00:00,11971.268,25.124000000003434,1.0,0.0,0.0,0.0,0.0
2016-09-10 08:00:00+00:00,76845.915,9.871999999973925,0.0,1.0,0.0,0.0,0.0
2016-07-09 06:00:00+00:00,61401.197,9.627999999996971,0.0,1.0,0.0,0.0,0.0
2016-04-23 12:15:00+00:00,43075.145,9.75199999997858,0.0,1.0,0.0,0.0,0.0
2015-10-21 16:45:00+00:00,538.24,22.311999999999895,1.0,0.0,0.0,0.0,0.0
2016-11-02 20:15:00+00:00,250.481,0.0,0.0,0.0,0.0,1.0,0.0
2016-09-07 02:45:00+00:00,250.481,0.0,0.0,0.0,0.0,1.0,0.0
2016-09-27 14:30:00+00:00,80949.603,10.0,0.0,1.0,0.0,0.0,0.0
2016-09-22 07:30:00+00:00,250.481,0.0,0.0,0.0,0.0,1.0,0.0
2016-07-06 19:45:00+00:00,2656.795,0.3600000000005821,0.0,0.0,0.0,0.0,1.0
2017-02-11 01:30:00+00:00,4147.494,0.0,0.0,0.0,0.0,0.0,1.0
2016-06-17 10:45:00+00:00,2431.353,0.3360000000011496,0.0,0.0,0.0,0.0,1.0
2016-12-13 02:15:00+00:00,4147.494,0.0,0.0,0.0,0.0,0.0,1.0
2016-03-03 05:00:00+00:00,140.603,0.0,0.0,0.0,0.0,1.0,0.0
2016-06-28 13:30:00+00:00,16698.877,31.0,1.0,0.0,0.0,0.0,0.0
2016-02-21 01:15:00+00:00,44147.646,12.0,0.0,0.0,1.0,0.0,0.0
2015-12-23 14:00:00+00:00,16853.726,2.2519999999931315,0.0,1.0,0.0,0.0,0.0
2016-12-03 21:15:00+00:00,96682.915,9.623999999952504,0.0,1.0,0.0,0.0,0.0
2016-07-15 22:30:00+00:00,224.071,0.0,0.0,0.0,0.0,1.0,0.0
2016-06-27 11:30:00+00:00,87814.083,16.74800000002142,0.0,0.0,1.0,0.0,0.0
2016-08-11 02:45:00+00:00,20795.502,0.2480000000068685,1.0,0.0,0.0,0.0,0.0
2017-02-23 07:15:00+00:00,177944.021,16.0,0.0,0.0,1.0,0.0,0.0
2016-07-22 22:00:00+00:00,2810.236,0.3279999999995198,0.0,0.0,0.0,0.0,1.0
2016-01-04 22:00:00+00:00,29895.108,2.0,0.0,0.0,1.0,0.0,0.0
2016-09-26 13:00:00+00:00,80696.822,9.628000000026075,0.0,1.0,0.0,0.0,0.0
2015-10-21 23:45:00+00:00,1606.143,10.064000000000306,0.0,1.0,0.0,0.0,0.0
2017-02-17 04:00:00+00:00,4147.494,0.0,0.0,0.0,0.0,0.0,1.0
2015-12-05 18:30:00+00:00,20510.233,16.24800000000687,0.0,0.0,1.0,0.0,0.0
2015-12-21 21:00:00+00:00,16645.148,5.752000000007683,0.0,1.0,0.0,0.0,0.0
2016-11-12 17:00:00+00:00,139989.396,16.5,0.0,0.0,1.0,0.0,0.0
2016-07-09 15:30:00+00:00,17651.768,0.2519999999931315,1.0,0.0,0.0,0.0,0.0
2015-11-30 20:45:00+00:00,18536.671,16.5,0.0,0.0,1.0,0.0,0.0
2016-10-27 18:45:00+00:00,250.481,0.0,0.0,0.0,0.0,1.0,0.0
2016-12-23 17:00:00+00:00,101108.572,1.0,0.0,1.0,0.0,0.0,0.0
2016-03-01 03:30:00+00:00,30355.676,9.623999999996158,0.0,1.0,0.0,0.0,0.0
2016-10-05 10:00:00+00:00,25025.034,0.0,1.0,0.0,0.0,0.0,0.0
2016-04-18 15:00:00+00:00,1774.586,0.3199999999997089,0.0,0.0,0.0,0.0,1.0
2016-04-10 18:15:00+00:00,1696.813,0.3280000000004293,0.0,0.0,0.0,0.0,1.0
2015-11-12 19:15:00+00:00,7216.236,10.187999999998285,0.0,1.0,0.0,0.0,0.0
2017-01-15 22:30:00+00:00,162557.333,16.24800000002142,0.0,0.0,1.0,0.0,0.0
2015-11-17 20:15:00+00:00,3074.636,1.311999999999898,1.0,0.0,0.0,0.0,0.0
2016-08-06 19:45:00+00:00,100484.458,12.0,0.0,0.0,1.0,0.0,0.0
2016-10-11 18:00:00+00:00,25025.284,0.0,1.0,0.0,0.0,0.0,0.0
2017-02-28 22:30:00+00:00,180150.146,16.0,0.0,0.0,1.0,0.0,0.0
2016-08-11 23:45:00+00:00,3027.47,0.3439999999991414,0.0,0.0,0.0,0.0,1.0
2016-02-17 10:15:00+00:00,113.182,1.2839999999999918,0.0,0.0,0.0,1.0,0.0
2016-12-01 16:45:00+00:00,96176.915,9.623999999952504,0.0,1.0,0.0,0.0,0.0
2016-01-02 03:15:00+00:00,5234.136,0.0,1.0,0.0,0.0,0.0,0.0
2017-03-02 18:45:00+00:00,180872.646,16.5,0.0,0.0,1.0,0.0,0.0
2015-11-29 15:30:00+00:00,3598.667,0.3119999999998981,1.0,0.0,0.0,0.0,0.0
2015-11-15 02:15:00+00:00,12138.702,16.5,0.0,0.0,1.0,0.0,0.0
2017-02-15 00:00:00+00:00,34191.143,0.2519999999785796,1.0,0.0,0.0,0.0,0.0
2015-12-26 03:00:00+00:00,27679.858,9.5,0.0,0.0,1.0,0.0,0.0
2017-02-04 00:00:00+00:00,4147.494,0.0,0.0,0.0,0.0,0.0,1.0
2016-04-13 06:00:00+00:00,10569.674,0.2480000000068685,1.0,0.0,0.0,0.0,0.0
2015-11-06 16:15:00+00:00,8733.462,16.247999999999593,0.0,0.0,1.0,0.0,0.0
2016-08-06 15:30:00+00:00,20334.346,0.2480000000068685,1.0,0.0,0.0,0.0,0.0
2016-06-25 05:45:00+00:00,16582.377,0.1879999999946449,1.0,0.0,0.0,0.0,0.0
2015-12-25 15:45:00+00:00,5201.753,0.2479999999995925,1.0,0.0,0.0,0.0,0.0
2016-08-22 07:00:00+00:00,3144.459,0.3279999999995198,0.0,0.0,0.0,0.0,1.0
2016-01-06 15:30:00+00:00,111.007,0.0,0.0,0.0,0.0,1.0,0.0
2015-10-28 07:15:00+00:00,1033.136,0.3440000000000509,1.0,0.0,0.0,0.0,0.0
2016-07-11 23:45:00+00:00,215.679,1.23599999999999,0.0,0.0,0.0,1.0,0.0
2016-08-25 09:15:00+00:00,250.481,0.0,0.0,0.0,0.0,1.0,0.0
2016-06-04 23:00:00+00:00,53157.822,9.752000000007683,0.0,1.0,0.0,0.0,0.0
2017-03-02 11:00:00+00:00,4147.494,0.0,0.0,0.0,0.0,0.0,1.0
2016-01-20 10:30:00+00:00,5845.282,0.3320000000021537,1.0,0.0,0.0,0.0,0.0
2017-01-23 10:45:00+00:00,165549.896,16.0,0.0,0.0,1.0,0.0,0.0
2017-01-20 11:00:00+00:00,303.712,0.0239999999998872,0.0,0.0,0.0,1.0,0.0
2016-09-21 14:15:00+00:00,3483.017,0.3599999999987631,0.0,0.0,0.0,0.0,1.0
2017-02-01 14:15:00+00:00,4147.494,0.0,0.0,0.0,0.0,0.0,1.0
2016-06-12 09:30:00+00:00,15747.971,0.3759999999965657,1.0,0.0,0.0,0.0,0.0
2016-07-17 11:15:00+00:00,18135.127,0.3720000000030268,1.0,0.0,0.0,0.0,0.0
2017-01-06 22:00:00+00:00,31260.674,0.3759999999892898,1.0,0.0,0.0,0.0,0.0
2016-08-06 10:30:00+00:00,224.071,0.0,0.0,0.0,0.0,1.0,0.0
2016-09-28 05:45:00+00:00,24831.862,0.3120000000053551,1.0,0.0,0.0,0.0,0.0
2016-02-07 02:45:00+00:00,6826.786,0.2799999999988358,1.0,0.0,0.0,0.0,0.0
2016-10-28 00:45:00+00:00,3826.564,0.3439999999991414,0.0,0.0,0.0,0.0,1.0
2016-08-14 09:30:00+00:00,20812.909,0.1879999999946449,1.0,0.0,0.0,0.0,0.0
2016-02-28 04:15:00+00:00,46247.771,13.5,0.0,0.0,1.0,0.0,0.0
2016-03-22 17:45:00+00:00,166.931,0.0,0.0,0.0,0.0,1.0,0.0
2016-12-24 18:45:00+00:00,101134.822,1.0,0.0,1.0,0.0,0.0,0.0
2016-04-17 07:30:00+00:00,41514.082,9.74800000002142,0.0,1.0,0.0,0.0,0.0
2016-07-09 02:30:00+00:00,198.962,0.0,0.0,0.0,0.0,1.0,0.0
2016-08-08 23:30:00+00:00,20350.065,0.2519999999931315,1.0,0.0,0.0,0.0,0.0
2016-01-19 06:45:00+00:00,111.007,0.0,0.0,0.0,0.0,1.0,0.0
2016-08-31 14:45:00+00:00,74476.79,9.871999999973925,0.0,1.0,0.0,0.0,0.0
2016-03-17 00:15:00+00:00,34113.52,9.627999999996971,0.0,1.0,0.0,0.0,0.0
2016-10-09 20:45:00+00:00,25025.034,0.0,1.0,0.0,0.0,0.0,0.0
2016-01-26 13:00:00+00:00,1014.489,0.3120000000003529,0.0,0.0,0.0,0.0,1.0
2016-01-22 20:15:00+00:00,6066.372,0.3440000000009604,1.0,0.0,0.0,0.0,0.0
2016-10-14 01:30:00+00:00,84906.697,9.75199999997858,0.0,1.0,0.0,0.0,0.0
2016-12-02 19:00:00+00:00,29329.737,0.2520000000076834,1.0,0.0,0.0,0.0,0.0
2016-01-22 12:30:00+00:00,35245.021,12.0,0.0,0.0,1.0,0.0,0.0
2016-01-30 04:45:00+00:00,37752.365,11.87599999998929,0.0,0.0,1.0,0.0,0.0
2017-03-03 10:15:00+00:00,4147.494,0.0,0.0,0.0,0.0,0.0,1.0
2016-01-28 05:30:00+00:00,1027.86,0.3279999999995198,0.0,0.0,0.0,0.0,1.0
2016-02-26 04:45:00+00:00,45621.396,12.0,0.0,0.0,1.0,0.0,0.0
2016-03-07 15:00:00+00:00,1426.67,0.3360000000002401,0.0,0.0,0.0,0.0,1.0
2016-04-30 16:45:00+00:00,12280.205,0.3720000000030268,1.0,0.0,0.0,0.0,0.0
2016-03-27 10:30:00+00:00,36580.77,9.627999999996971,0.0,1.0,0.0,0.0,0.0
2017-01-31 07:15:00+00:00,4147.494,0.0,0.0,0.0,0.0,0.0,1.0
2015-12-10 23:45:00+00:00,22626.827,16.5,0.0,0.0,1.0,0.0,0.0
2015-10-31 15:45:00+00:00,26.863,0.0,0.0,0.0,0.0,1.0,0.0
2016-10-26 07:30:00+00:00,3812.092,0.3320000000003347,0.0,0.0,0.0,0.0,1.0
2016-03-03 22:45:00+00:00,31018.957,9.623999999996158,0.0,1.0,0.0,0.0,0.0
2016-03-18 21:00:00+00:00,8674.987,0.3119999999980791,1.0,0.0,0.0,0.0,0.0
2017-01-31 15:45:00+00:00,168834.396,16.0,0.0,0.0,1.0,0.0,0.0
2015-11-13 16:30:00+00:00,70.796,0.0,0.0,0.0,0.0,1.0,0.0
2016-10-01 07:15:00+00:00,122952.208,16.0,0.0,0.0,1.0,0.0,0.0
2016-03-18 20:30:00+00:00,34552.238,9.5,0.0,1.0,0.0,0.0,0.0
2017-02-22 19:15:00+00:00,359.534,0.0,0.0,0.0,0.0,1.0,0.0
2015-11-21 10:00:00+00:00,3413.675,0.0,1.0,0.0,0.0,0.0,0.0
2016-10-06 11:45:00+00:00,250.481,0.0,0.0,0.0,0.0,1.0,0.0
2016-10-22 08:00:00+00:00,250.481,0.0,0.0,0.0,0.0,1.0,0.0
2016-04-07 11:45:00+00:00,10112.362,19.87599999999657,1.0,0.0,0.0,0.0,0.0
2016-05-19 08:45:00+00:00,169.79,0.0,0.0,0.0,0.0,1.0,0.0
2016-02-03 03:15:00+00:00,38925.635,11.66400000001886,0.0,0.0,1.0,0.0,0.0
2016-03-07 02:30:00+00:00,1422.567,0.3360000000002401,0.0,0.0,0.0,0.0,1.0
2015-12-11 00:15:00+00:00,96.257,0.0,0.0,0.0,0.0,1.0,0.0
2016-10-02 20:45:00+00:00,250.481,0.0,0.0,0.0,0.0,1.0,0.0
2016-04-10 22:00:00+00:00,166.931,0.0,0.0,0.0,0.0,1.0,0.0
2016-09-01 14:45:00+00:00,22465.346,21.62400000001071,1.0,0.0,0.0,0.0,0.0
2016-06-01 07:30:00+00:00,52293.415,8.747999999992317,0.0,1.0,0.0,0.0,0.0
2016-07-22 13:00:00+00:00,2807.236,0.3439999999991414,0.0,0.0,0.0,0.0,1.0
2016-06-26 02:45:00+00:00,58217.04,9.5,0.0,1.0,0.0,0.0,0.0
2016-07-23 01:45:00+00:00,95398.708,12.24800000002142,0.0,0.0,1.0,0.0,0.0
2016-03-13 23:00:00+00:00,8547.174,0.3120000000053551,1.0,0.0,0.0,0.0,0.0
2016-04-20 16:15:00+00:00,11429.565,32.94000000000233,1.0,0.0,0.0,0.0,0.0
2016-05-11 20:00:00+00:00,13275.674,0.2480000000068685,1.0,0.0,0.0,0.0,0.0
2016-08-31 23:45:00+00:00,74567.29,9.623999999952504,0.0,1.0,0.0,0.0,0.0
2016-11-12 22:30:00+00:00,250.481,0.0,0.0,0.0,0.0,1.0,0.0
2016-11-08 10:30:00+00:00,3922.095,0.3279999999995198,0.0,0.0,0.0,0.0,1.0
2015-12-21 23:45:00+00:00,675.996,0.3279999999999745,0.0,0.0,0.0,0.0,1.0
2016-09-18 04:45:00+00:00,23654.221,0.0,1.0,0.0,0.0,0.0,0.0
2016-09-07 03:30:00+00:00,113060.333,16.0,0.0,0.0,1.0,0.0,0.0
2016-03-26 18:45:00+00:00,36428.645,9.75199999997858,0.0,1.0,0.0,0.0,0.0
2016-12-25 23:15:00+00:00,101163.759,1.0,0.0,1.0,0.0,0.0,0.0
2016-03-01 04:45:00+00:00,46971.646,18.5,0.0,0.0,1.0,0.0,0.0
2016-03-17 13:45:00+00:00,53599.521,17.0,0.0,0.0,1.0,0.0,0.0
2015-12-09 04:30:00+00:00,96.257,0.0,0.0,0.0,0.0,1.0,0.0
2016-06-10 13:00:00+00:00,2334.939,0.3199999999997089,0.0,0.0,0.0,0.0,1.0
2015-10-31 02:00:00+00:00,178.599,0.3719999999999572,0.0,0.0,0.0,0.0,1.0
2016-02-02 16:00:00+00:00,1112.574,0.3919999999998254,0.0,0.0,0.0,0.0,1.0
2017-01-08 22:45:00+00:00,31274.018,0.2519999999931315,1.0,0.0,0.0,0.0,0.0
2016-10-03 06:00:00+00:00,25025.034,0.0,1.0,0.0,0.0,0.0,0.0
2015-12-18 22:15:00+00:00,96.257,0.0,0.0,0.0,0.0,1.0,0.0
2016-08-13 10:30:00+00:00,3039.447,0.3520000000007712,0.0,0.0,0.0,0.0,1.0
2015-12-18 22:45:00+00:00,16243.929,5.688000000001921,0.0,1.0,0.0,0.0,0.0
2016-09-06 04:45:00+00:00,250.481,0.0,0.0,0.0,0.0,1.0,0.0
2016-03-12 09:45:00+00:00,166.931,0.0,0.0,0.0,0.0,1.0,0.0
2015-12-01 06:30:00+00:00,3709.917,0.2479999999995925,1.0,0.0,0.0,0.0,0.0
2016-10-31 15:15:00+00:00,250.481,0.0,0.0,0.0,0.0,1.0,0.0
2016-03-16 09:30:00+00:00,1496.041,0.3119999999998981,0.0,0.0,0.0,0.0,1.0
2016-08-06 11:00:00+00:00,224.071,0.0,0.0,0.0,0.0,1.0,0.0
2016-11-10 01:00:00+00:00,138891.333,16.74800000002142,0.0,0.0,1.0,0.0,0.0
2016-10-10 13:30:00+00:00,84047.79,9.623999999952504,0.0,1.0,0.0,0.0,0.0
2016-10-29 20:45:00+00:00,250.481,0.0,0.0,0.0,0.0,1.0,0.0
2015-12-13 08:45:00+00:00,607.754,0.3119999999998981,0.0,0.0,0.0,0.0,1.0
2016-03-25 12:30:00+00:00,1568.297,0.3360000000002401,0.0,0.0,0.0,0.0,1.0
2015-11-26 09:00:00+00:00,96.257,0.0,0.0,0.0,0.0,1.0,0.0
2017-02-18 09:45:00+00:00,34569.909,0.3759999999892898,1.0,0.0,0.0,0.0,0.0
2016-03-30 16:15:00+00:00,166.931,0.0,0.0,0.0,0.0,1.0,0.0
2016-05-16 14:45:00+00:00,13719.268,0.2520000000004074,1.0,0.0,0.0,0.0,0.0
2016-03-19 20:15:00+00:00,8681.502,0.1880000000019208,1.0,0.0,0.0,0.0,0.0
2016-08-25 03:30:00+00:00,3168.33,0.3439999999991414,0.0,0.0,0.0,0.0,1.0
2016-05-08 04:15:00+00:00,12811.815,0.2520000000004074,1.0,0.0,0.0,0.0,0.0
2017-01-07 07:45:00+00:00,102332.509,9.376000000047496,0.0,1.0,0.0,0.0,0.0
2016-08-10 21:45:00+00:00,20794.112,0.3120000000053551,1.0,0.0,0.0,0.0,0.0
2015-11-30 06:45:00+00:00,480.2,0.2960000000000491,0.0,0.0,0.0,0.0,1.0
2016-06-22 07:00:00+00:00,57295.822,10.0,0.0,1.0,0.0,0.0,0.0
2015-11-05 16:30:00+00:00,8334.931,16.37600000000384,0.0,0.0,1.0,0.0,0.0
2016-11-26 20:15:00+00:00,28753.58,0.2480000000068685,1.0,0.0,0.0,0.0,0.0
2017-02-03 18:15:00+00:00,321.456,0.0240000000001145,0.0,0.0,0.0,1.0,0.0
2016-07-23 05:30:00+00:00,2812.74,0.3199999999997089,0.0,0.0,0.0,0.0,1.0
2016-05-03 17:15:00+00:00,69311.396,7.25199999997858,0.0,0.0,1.0,0.0,0.0
2016-04-23 05:30:00+00:00,43009.613,9.747999999992317,0.0,1.0,0.0,0.0,0.0
2016-12-22 10:45:00+00:00,281.063,0.043999999999869,0.0,0.0,0.0,1.0,0.0
2016-01-25 19:15:00+00:00,111.007,0.0,0.0,0.0,0.0,1.0,0.0
2016-08-07 01:00:00+00:00,2972.595,0.3559999999997671,0.0,0.0,0.0,0.0,1.0
2015-12-23 19:15:00+00:00,16865.288,2.2480000000068685,0.0,1.0,0.0,0.0,0.0
2016-07-03 16:45:00+00:00,17007.346,0.3760000000038417,1.0,0.0,0.0,0.0,0.0
2017-01-23 01:45:00+00:00,308.153,0.0440000000000964,0.0,0.0,0.0,1.0,0.0
2016-05-23 11:45:00+00:00,75970.896,22.25199999997858,0.0,0.0,1.0,0.0,0.0
2017-02-02 22:15:00+00:00,108568.915,9.371999999973925,0.0,1.0,0.0,0.0,0.0
2016-12-04 07:45:00+00:00,29339.893,0.2519999999931315,1.0,0.0,0.0,0.0,0.0
2016-03-03 13:15:00+00:00,1394.471,0.3119999999998981,0.0,0.0,0.0,0.0,1.0
2016-09-22 05:30:00+00:00,79667.686,9.084000000031663,0.0,1.0,0.0,0.0,0.0
2015-11-13 03:00:00+00:00,11353.306,17.0,0.0,0.0,1.0,0.0,0.0
2015-11-14 14:45:00+00:00,7671.757,10.376000000000204,0.0,1.0,0.0,0.0,0.0
2016-07-14 11:15:00+00:00,17968.643,23.75199999999313,1.0,0.0,0.0,0.0,0.0
2016-12-07 20:45:00+00:00,97624.978,9.62400000001071,0.0,1.0,0.0,0.0,0.0
2015-12-03 05:45:00+00:00,12403.413,10.124000000003434,0.0,1.0,0.0,0.0,0.0
2016-02-24 01:30:00+00:00,135.647,0.0,0.0,0.0,0.0,1.0,0.0
2016-04-12 06:30:00+00:00,1723.996,0.3400000000001455,0.0,0.0,0.0,0.0,1.0
2016-03-04 19:45:00+00:00,140.603,0.0,0.0,0.0,0.0,1.0,0.0
2016-06-25 21:00:00+00:00,198.962,0.0,0.0,0.0,0.0,1.0,0.0
2016-08-17 20:00:00+00:00,250.481,0.0,0.0,0.0,0.0,1.0,0.0
2016-01-08 09:45:00+00:00,111.007,0.0,0.0,0.0,0.0,1.0,0.0
2015-12-10 03:45:00+00:00,4533.261,0.3440000000009604,1.0,0.0,0.0,0.0,0.0
2016-03-15 07:15:00+00:00,1487.416,0.3199999999997089,0.0,0.0,0.0,0.0,1.0
2016-03-02 17:45:00+00:00,30734.176,11.251999999993131,0.0,1.0,0.0,0.0,0.0
2016-10-07 11:00:00+00:00,250.481,0.0,0.0,0.0,0.0,1.0,0.0
2016-07-04 08:45:00+00:00,198.962,0.0,0.0,0.0,0.0,1.0,0.0
2016-06-05 10:00:00+00:00,80511.646,13.0,0.0,0.0,1.0,0.0,0.0
2016-11-08 17:15:00+00:00,250.481,0.0,0.0,0.0,0.0,1.0,0.0
2015-11-02 05:15:00+00:00,4483.252,10.312000000001715,0.0,1.0,0.0,0.0,0.0
2016-11-23 18:30:00+00:00,28432.034,0.2519999999931315,1.0,0.0,0.0,0.0,0.0
2015-11-02 16:30:00+00:00,4604.939,10.247999999999593,0.0,1.0,0.0,0.0,0.0
2016-02-01 06:00:00+00:00,23494.52,9.687999999994643,0.0,1.0,0.0,0.0,0.0
2017-01-23 14:15:00+00:00,32409.018,0.2519999999931315,1.0,0.0,0.0,0.0,0.0
2016-05-06 02:00:00+00:00,46069.384,9.747999999992317,0.0,1.0,0.0,0.0,0.0
2017-01-22 18:15:00+00:00,32403.502,0.3120000000053551,1.0,0.0,0.0,0.0,0.0
2016-07-30 00:15:00+00:00,2905.49,0.3599999999987631,0.0,0.0,0.0,0.0,1.0
2017-02-28 00:45:00+00:00,4147.494,0.0,0.0,0.0,0.0,0.0,1.0
2016-03-18 15:45:00+00:00,34506.27,9.627999999996971,0.0,1.0,0.0,0.0,0.0
2016-07-02 22:00:00+00:00,17002.127,0.2480000000068685,1.0,0.0,0.0,0.0,0.0
2016-07-23 19:00:00+00:00,18471.721,0.2480000000068685,1.0,0.0,0.0,0.0,0.0
2016-05-08 08:15:00+00:00,70789.646,14.25199999997858,0.0,0.0,1.0,0.0,0.0
2016-03-24 18:15:00+00:00,9019.659,0.2520000000004074,1.0,0.0,0.0,0.0,0.0
2015-11-19 15:15:00+00:00,14010.327,28.12399999999616,0.0,0.0,1.0,0.0,0.0
2017-01-01 00:00:00+00:00,30974.362,0.0,1.0,0.0,0.0,0.0,0.0
2017-02-19 05:30:00+00:00,4147.494,0.0,0.0,0.0,0.0,0.0,1.0
2016-03-03 08:15:00+00:00,140.603,0.0,0.0,0.0,0.0,1.0,0.0
2016-01-14 15:30:00+00:00,19331.617,11.563999999998488,0.0,1.0,0.0,0.0,0.0
2015-12-18 20:00:00+00:00,650.984,0.3120000000003529,0.0,0.0,0.0,0.0,1.0
2015-11-16 03:30:00+00:00,333.026,0.3520000000000891,0.0,0.0,0.0,0.0,1.0
2016-09-12 19:15:00+00:00,3389.181,0.3440000000009604,0.0,0.0,0.0,0.0,1.0
2016-11-14 18:45:00+00:00,27465.08,1.4360000000015134,1.0,0.0,0.0,0.0,0.0
2016-07-09 15:15:00+00:00,17651.705,0.3120000000053551,1.0,0.0,0.0,0.0,0.0
2016-09-25 20:00:00+00:00,80529.478,9.752000000036787,0.0,1.0,0.0,0.0,0.0
2015-11-13 04:15:00+00:00,7308.611,10.371999999999389,0.0,1.0,0.0,0.0,0.0
2017-01-22 09:45:00+00:00,4147.494,0.0,0.0,0.0,0.0,0.0,1.0
2016-10-14 06:00:00+00:00,3705.377,0.3439999999991414,0.0,0.0,0.0,0.0,1.0
2016-11-23 03:30:00+00:00,250.481,0.0,0.0,0.0,0.0,1.0,0.0
2016-12-18 19:00:00+00:00,253.013,0.0,0.0,0.0,0.0,1.0,0.0
2016-10-01 07:45:00+00:00,25025.034,0.0,1.0,0.0,0.0,0.0,0.0
2016-09-16 14:30:00+00:00,78341.103,9.752000000036787,0.0,1.0,0.0,0.0,0.0
2016-02-04 21:45:00+00:00,1154.991,0.4160000000001673,0.0,0.0,0.0,0.0,1.0
2016-10-22 20:15:00+00:00,86980.634,9.62400000001071,0.0,1.0,0.0,0.0,0.0
2016-11-11 06:30:00+00:00,3945.799,0.3439999999991414,0.0,0.0,0.0,0.0,1.0
2016-07-22 11:00:00+00:00,224.071,0.0,0.0,0.0,0.0,1.0,0.0
2016-05-10 09:00:00+00:00,169.79,0.0,0.0,0.0,0.0,1.0,0.0
2016-10-01 19:45:00+00:00,81971.54,10.0,0.0,1.0,0.0,0.0,0.0
2015-10-21 02:45:00+00:00,0.0,0.0,0.0,0.0,0.0,1.0,0.0
2016-07-11 22:00:00+00:00,61996.04,9.747999999992317,0.0,1.0,0.0,0.0,0.0
2015-11-17 22:15:00+00:00,8503.367,10.12800000000425,0.0,1.0,0.0,0.0,0.0
2016-04-29 19:15:00+00:00,12274.205,0.1840000000011059,1.0,0.0,0.0,0.0,0.0
2016-11-03 20:30:00+00:00,26653.674,0.0,1.0,0.0,0.0,0.0,0.0
2016-01-09 02:30:00+00:00,819.605,0.3279999999999745,0.0,0.0,0.0,0.0,1.0
2016-01-11 01:00:00+00:00,111.007,0.0,0.0,0.0,0.0,1.0,0.0
2017-02-08 03:30:00+00:00,4147.494,0.0,0.0,0.0,0.0,0.0,1.0
2016-08-24 10:45:00+00:00,21908.862,36.37600000000384,1.0,0.0,0.0,0.0,0.0
2016-09-05 20:30:00+00:00,3266.197,0.3440000000009604,0.0,0.0,0.0,0.0,1.0
2016-12-29 02:45:00+00:00,4147.494,0.0,0.0,0.0,0.0,0.0,1.0
2015-11-21 09:45:00+00:00,9374.101,10.064000000005764,0.0,1.0,0.0,0.0,0.0
2016-09-15 18:45:00+00:00,3414.162,0.3599999999987631,0.0,0.0,0.0,0.0,1.0
2016-08-19 08:45:00+00:00,3119.896,0.3600000000005821,0.0,0.0,0.0,0.0,1.0
2016-02-03 06:00:00+00:00,6556.661,0.3760000000002037,1.0,0.0,0.0,0.0,0.0
2016-09-24 12:15:00+00:00,3506.482,0.3279999999995198,0.0,0.0,0.0,0.0,1.0
2016-08-23 18:45:00+00:00,21881.002,1.3720000000030268,1.0,0.0,0.0,0.0,0.0
2015-10-22 00:30:00+00:00,0.0,0.0,0.0,0.0,0.0,1.0,0.0
2016-03-17 06:30:00+00:00,53475.146,16.5,0.0,0.0,1.0,0.0,0.0
2016-08-11 16:15:00+00:00,3024.881,0.3439999999991414,0.0,0.0,0.0,0.0,1.0
2016-03-11 09:00:00+00:00,1456.377,0.3199999999997089,0.0,0.0,0.0,0.0,1.0
2016-08-02 15:00:00+00:00,67393.79,14.623999999952504,0.0,1.0,0.0,0.0,0.0
2016-04-23 15:45:00+00:00,1855.596,0.3199999999997089,0.0,0.0,0.0,0.0,1.0
2016-11-11 03:30:00+00:00,3944.752,0.3600000000005821,0.0,0.0,0.0,0.0,1.0
2016-10-14 11:45:00+00:00,3708.787,1.1119999999991703,0.0,0.0,0.0,0.0,1.0
2015-11-18 20:15:00+00:00,376.124,0.3480000000001837,0.0,0.0,0.0,0.0,1.0
2017-01-10 00:45:00+00:00,102981.447,9.25199999997858,0.0,1.0,0.0,0.0,0.0
2016-08-13 21:30:00+00:00,3043.217,0.3440000000009604,0.0,0.0,0.0,0.0,1.0
2016-12-17 06:30:00+00:00,30358.424,0.1239999999961583,1.0,0.0,0.0,0.0,0.0
2016-03-03 14:15:00+00:00,1394.803,0.3280000000004293,0.0,0.0,0.0,0.0,1.0
2017-01-18 18:00:00+00:00,302.321,0.0320000000001527,0.0,0.0,0.0,1.0,0.0
2017-01-04 17:45:00+00:00,31246.299,0.2479999999923166,1.0,0.0,0.0,0.0,0.0
2016-09-04 14:15:00+00:00,3255.662,0.3599999999987631,0.0,0.0,0.0,0.0,1.0
2016-08-21 09:45:00+00:00,21803.065,0.2519999999931315,1.0,0.0,0.0,0.0,0.0
2016-06-24 12:15:00+00:00,16528.69,25.0,1.0,0.0,0.0,0.0,0.0
2016-06-01 19:00:00+00:00,79232.458,17.74800000002142,0.0,0.0,1.0,0.0,0.0
2015-12-17 05:00:00+00:00,15952.945,10.0,0.0,1.0,0.0,0.0,0.0
2016-01-01 00:15:00+00:00,17291.538,2.2480000000068685,0.0,1.0,0.0,0.0,0.0
2016-04-18 08:00:00+00:00,11092.08,0.2479999999995925,1.0,0.0,0.0,0.0,0.0
2016-05-03 11:30:00+00:00,12482.518,24.0,1.0,0.0,0.0,0.0,0.0
2016-08-25 05:30:00+00:00,3169.025,0.3440000000009604,0.0,0.0,0.0,0.0,1.0
2015-10-24 12:00:00+00:00,766.589,0.2480000000000473,1.0,0.0,0.0,0.0,0.0
2016-04-22 14:15:00+00:00,1847.057,0.3360000000002401,0.0,0.0,0.0,0.0,1.0
2016-07-10 13:45:00+00:00,17658.034,0.3760000000038417,1.0,0.0,0.0,0.0,0.0
2016-06-15 08:15:00+00:00,83939.521,14.5,0.0,0.0,1.0,0.0,0.0
2016-04-16 03:15:00+00:00,1754.836,0.3440000000000509,0.0,0.0,0.0,0.0,1.0
2016-07-30 04:30:00+00:00,97752.771,17.0,0.0,0.0,1.0,0.0,0.0
2017-02-03 07:30:00+00:00,108656.259,9.24800000002142,0.0,1.0,0.0,0.0,0.0
2016-07-03 16:30:00+00:00,60044.384,9.747999999992317,0.0,1.0,0.0,0.0,0.0
2016-07-05 07:45:00+00:00,60443.79,9.62400000001071,0.0,1.0,0.0,0.0,0.0
2016-08-10 04:15:00+00:00,20556.627,0.2480000000068685,1.0,0.0,0.0,0.0,0.0
2017-01-28 14:15:00+00:00,167626.521,16.0,0.0,0.0,1.0,0.0,0.0
2016-03-31 04:45:00+00:00,1613.223,0.3279999999995198,0.0,0.0,0.0,0.0,1.0
2016-04-30 20:15:00+00:00,68684.896,7.25199999997858,0.0,0.0,1.0,0.0,0.0
2016-07-01 04:30:00+00:00,59443.072,10.0,0.0,1.0,0.0,0.0,0.0
2017-02-13 01:15:00+00:00,4147.494,0.0,0.0,0.0,0.0,0.0,1.0
2016-04-21 08:00:00+00:00,166.931,0.0,0.0,0.0,0.0,1.0,0.0
2016-03-03 00:30:00+00:00,30799.613,9.748000000006869,0.0,1.0,0.0,0.0,0.0
2016-07-02 00:00:00+00:00,16995.94,0.3759999999892898,1.0,0.0,0.0,0.0,0.0
2016-03-05 21:45:00+00:00,48904.021,16.252000000007683,0.0,0.0,1.0,0.0,0.0
2017-03-04 08:15:00+00:00,181481.458,16.0,0.0,0.0,1.0,0.0,0.0
2016-02-10 11:00:00+00:00,41078.365,11.87599999998929,0.0,0.0,1.0,0.0,0.0
2016-05-09 22:45:00+00:00,169.79,0.0,0.0,0.0,0.0,1.0,0.0
2016-01-09 07:45:00+00:00,821.327,0.3159999999998035,0.0,0.0,0.0,0.0,1.0
2016-10-20 18:15:00+00:00,26032.846,0.3120000000053551,1.0,0.0,0.0,0.0,0.0
2016-04-20 23:30:00+00:00,166.931,0.0,0.0,0.0,0.0,1.0,0.0
2016-05-06 13:00:00+00:00,12796.284,1.4399999999950523,1.0,0.0,0.0,0.0,0.0
2016-09-21 16:45:00+00:00,3483.853,0.3279999999995198,0.0,0.0,0.0,0.0,1.0
2016-11-02 06:00:00+00:00,89114.009,9.62400000001071,0.0,1.0,0.0,0.0,0.0
2016-12-01 03:15:00+00:00,147502.708,16.74800000002142,0.0,0.0,1.0,0.0,0.0
2015-10-31 04:00:00+00:00,1594.394,0.3440000000000509,1.0,0.0,0.0,0.0,0.0
2016-05-30 20:30:00+00:00,51945.884,9.623999999981606,0.0,1.0,0.0,0.0,0.0
2016-05-07 17:15:00+00:00,70580.333,12.5,0.0,0.0,1.0,0.0,0.0
2016-03-08 14:00:00+00:00,49958.646,19.752000000007683,0.0,0.0,1.0,0.0,0.0
2016-02-25 10:45:00+00:00,45406.521,12.0,0.0,0.0,1.0,0.0,0.0
2017-01-29 17:45:00+00:00,168069.896,16.0,0.0,0.0,1.0,0.0,0.0
2016-05-26 08:15:00+00:00,50882.103,10.0,0.0,1.0,0.0,0.0,0.0
2017-01-01 23:00:00+00:00,4147.494,0.0,0.0,0.0,0.0,0.0,1.0
2016-12-05 11:30:00+00:00,29347.518,0.2519999999931315,1.0,0.0,0.0,0.0,0.0
2016-07-01 12:15:00+00:00,16988.784,1.3760000000038417,1.0,0.0,0.0,0.0,0.0
2015-10-28 22:45:00+00:00,159.221,0.3920000000000527,0.0,0.0,0.0,0.0,1.0
2017-01-16 05:00:00+00:00,300.243,0.0,0.0,0.0,0.0,1.0,0.0
2017-02-09 16:45:00+00:00,110174.259,9.62400000001071,0.0,1.0,0.0,0.0,0.0
2016-10-02 05:00:00+00:00,25025.034,0.0,1.0,0.0,0.0,0.0,0.0
2016-02-27 17:30:00+00:00,140.603,0.0,0.0,0.0,0.0,1.0,0.0
2016-09-18 18:45:00+00:00,250.481,0.0,0.0,0.0,0.0,1.0,0.0
2017-01-07 13:15:00+00:00,4147.494,0.0,0.0,0.0,0.0,0.0,1.0
2017-02-17 21:15:00+00:00,34566.44,0.2520000000076834,1.0,0.0,0.0,0.0,0.0
2016-01-13 18:15:00+00:00,856.394,0.3119999999998981,0.0,0.0,0.0,0.0,1.0
2016-07-30 13:45:00+00:00,2910.224,0.3360000000011496,0.0,0.0,0.0,0.0,1.0
2016-09-02 15:30:00+00:00,74967.197,10.0,0.0,1.0,0.0,0.0,0.0
2016-10-23 11:15:00+00:00,131869.958,16.24800000002142,0.0,0.0,1.0,0.0,0.0
2016-09-29 07:15:00+00:00,250.481,0.0,0.0,0.0,0.0,1.0,0.0
2015-11-29 16:00:00+00:00,475.725,0.2960000000000491,0.0,0.0,0.0,0.0,1.0
2016-04-20 01:45:00+00:00,65515.083,13.5,0.0,0.0,1.0,0.0,0.0
2016-02-18 02:15:00+00:00,7478.12,0.2839999999996507,1.0,0.0,0.0,0.0,0.0
2016-07-10 18:30:00+00:00,2689.455,0.3359999999993306,0.0,0.0,0.0,0.0,1.0
2016-04-23 00:30:00+00:00,42960.957,9.62400000001071,0.0,1.0,0.0,0.0,0.0
2016-12-17 14:45:00+00:00,154123.646,16.5,0.0,0.0,1.0,0.0,0.0
2016-06-07 19:30:00+00:00,2295.935,0.3279999999995198,0.0,0.0,0.0,0.0,1.0
2016-05-10 08:00:00+00:00,13065.002,0.3720000000030268,1.0,0.0,0.0,0.0,0.0
2015-12-22 10:00:00+00:00,108.654,1.0,0.0,0.0,0.0,1.0,0.0
2016-08-21 03:00:00+00:00,21801.19,0.2519999999931315,1.0,0.0,0.0,0.0,0.0
2016-03-10 13:00:00+00:00,1449.766,0.3360000000002401,0.0,0.0,0.0,0.0,1.0
2016-11-02 09:45:00+00:00,89151.978,6.5,0.0,1.0,0.0,0.0,0.0
2016-04-22 20:30:00+00:00,66392.646,11.75199999997858,0.0,0.0,1.0,0.0,0.0
2016-06-06 17:45:00+00:00,53585.884,9.747999999992317,0.0,1.0,0.0,0.0,0.0
2017-03-02 04:45:00+00:00,365.155,0.043999999999869,0.0,0.0,0.0,1.0,0.0
2016-05-09 16:30:00+00:00,71258.833,13.0,0.0,0.0,1.0,0.0,0.0
2016-10-11 01:15:00+00:00,84190.447,9.628000000026075,0.0,1.0,0.0,0.0,0.0
2016-01-06 19:30:00+00:00,111.007,0.0,0.0,0.0,0.0,1.0,0.0
2016-02-29 22:30:00+00:00,46856.708,18.5,0.0,0.0,1.0,0.0,0.0
2016-10-24 20:45:00+00:00,87455.884,10.0,0.0,1.0,0.0,0.0,0.0
2016-09-27 14:00:00+00:00,24814.534,21.627999999996973,1.0,0.0,0.0,0.0,0.0
2015-11-29 01:00:00+00:00,17792.171,16.75199999999313,0.0,0.0,1.0,0.0,0.0
2016-01-18 09:45:00+00:00,111.007,0.0,0.0,0.0,0.0,1.0,0.0
2016-12-25 19:00:00+00:00,101159.447,1.128000000026077,0.0,1.0,0.0,0.0,0.0
2016-12-18 11:15:00+00:00,30364.299,0.1239999999961583,1.0,0.0,0.0,0.0,0.0
2016-02-01 23:00:00+00:00,1105.675,0.4359999999996944,0.0,0.0,0.0,0.0,1.0
2016-07-17 21:15:00+00:00,224.071,0.0,0.0,0.0,0.0,1.0,0.0
2016-10-02 17:45:00+00:00,3572.799,0.3439999999991414,0.0,0.0,0.0,0.0,1.0
2016-07-18 00:45:00+00:00,63531.353,9.62400000001071,0.0,1.0,0.0,0.0,0.0
2016-10-03 01:30:00+00:00,3575.412,0.3599999999987631,0.0,0.0,0.0,0.0,1.0
2015-10-29 18:15:00+00:00,26.863,0.0,0.0,0.0,0.0,1.0,0.0
2015-11-24 01:15:00+00:00,3413.675,0.0,1.0,0.0,0.0,0.0,0.0
2016-08-09 15:30:00+00:00,101311.271,12.0,0.0,0.0,1.0,0.0,0.0
2015-11-21 10:00:00+00:00,9376.71,10.435999999994236,0.0,1.0,0.0,0.0,0.0
2015-11-21 00:30:00+00:00,71.147,0.0,0.0,0.0,0.0,1.0,0.0
2016-04-03 10:30:00+00:00,9342.596,0.3119999999980791,1.0,0.0,0.0,0.0,0.0
2016-01-10 09:45:00+00:00,31503.89,16.5,0.0,0.0,1.0,0.0,0.0
2016-09-21 07:00:00+00:00,24079.596,0.3760000000038417,1.0,0.0,0.0,0.0,0.0
2017-03-01 07:00:00+00:00,364.437,0.0480000000000018,0.0,0.0,0.0,1.0,0.0
2016-05-22 08:00:00+00:00,75565.708,14.5,0.0,0.0,1.0,0.0,0.0
2016-01-13 08:45:00+00:00,853.265,0.3479999999999563,0.0,0.0,0.0,0.0,1.0
2017-01-08 01:30:00+00:00,293.731,0.0,0.0,0.0,0.0,1.0,0.0
2016-07-12 14:30:00+00:00,2704.814,0.3599999999987631,0.0,0.0,0.0,0.0,1.0
2017-03-03 04:30:00+00:00,115265.134,9.62400000001071,0.0,1.0,0.0,0.0,0.0
2016-03-16 10:30:00+00:00,33970.457,9.74800000002142,0.0,1.0,0.0,0.0,0.0
2016-01-18 21:30:00+00:00,937.28,0.4039999999999963,0.0,0.0,0.0,0.0,1.0
2016-12-14 00:00:00+00:00,99074.009,9.62400000001071,0.0,1.0,0.0,0.0,0.0
2017-03-03 15:45:00+00:00,4147.494,0.0,0.0,0.0,0.0,0.0,1.0
2016-03-09 17:45:00+00:00,32384.988,9.748000000006869,0.0,1.0,0.0,0.0,0.0
2016-10-18 05:45:00+00:00,25714.596,0.3760000000038417,1.0,0.0,0.0,0.0,0.0
2016-01-11 06:00:00+00:00,836.537,0.3160000000002583,0.0,0.0,0.0,0.0,1.0
2016-11-13 20:00:00+00:00,140434.521,16.5,0.0,0.0,1.0,0.0,0.0
2015-12-06 06:00:00+00:00,20699.796,16.5,0.0,0.0,1.0,0.0,0.0
2015-10-29 06:00:00+00:00,5346.275,16.5,0.0,0.0,1.0,0.0,0.0
2017-03-06 00:00:00+00:00,35147.721,0.0,1.0,0.0,0.0,0.0,0.0
2016-06-21 01:45:00+00:00,85887.646,12.0,0.0,0.0,1.0,0.0,0.0
2016-08-16 22:00:00+00:00,70931.54,9.747999999963213,0.0,1.0,0.0,0.0,0.0
2016-09-14 20:00:00+00:00,250.481,0.0,0.0,0.0,0.0,1.0,0.0
2016-11-08 00:15:00+00:00,3918.529,0.3439999999991414,0.0,0.0,0.0,0.0,1.0
2016-03-23 08:30:00+00:00,1551.147,0.3199999999997089,0.0,0.0,0.0,0.0,1.0
2016-11-25 08:15:00+00:00,145161.271,16.75199999997858,0.0,0.0,1.0,0.0,0.0
2015-12-24 13:15:00+00:00,16904.304,2.0639999999984866,0.0,1.0,0.0,0.0,0.0
2015-11-19 08:00:00+00:00,3254.597,36.53200000000106,1.0,0.0,0.0,0.0,0.0
2016-07-02 13:00:00+00:00,59775.634,10.0,0.0,1.0,0.0,0.0,0.0
2015-11-07 01:15:00+00:00,2195.753,0.3119999999998981,1.0,0.0,0.0,0.0,0.0
2016-04-23 02:30:00+00:00,1851.172,0.3440000000000509,0.0,0.0,0.0,0.0,1.0
2016-12-15 19:00:00+00:00,30353.862,0.0,1.0,0.0,0.0,0.0,0.0
2016-05-11 15:15:00+00:00,47385.134,9.87599999998929,0.0,1.0,0.0,0.0,0.0
2016-12-05 02:45:00+00:00,29345.143,0.2519999999931315,1.0,0.0,0.0,0.0,0.0
2017-02-10 06:30:00+00:00,172694.458,16.0,0.0,0.0,1.0,0.0,0.0
2017-02-15 21:15:00+00:00,174948.271,16.0,0.0,0.0,1.0,0.0,0.0
2017-03-02 04:45:00+00:00,180645.271,16.0,0.0,0.0,1.0,0.0,0.0
2015-12-17 15:00:00+00:00,16059.554,5.376000000003842,0.0,1.0,0.0,0.0,0.0
2016-10-31 13:15:00+00:00,250.481,0.0,0.0,0.0,0.0,1.0,0.0
2016-12-05 17:00:00+00:00,29349.018,0.2519999999931315,1.0,0.0,0.0,0.0,0.0
2017-01-21 22:00:00+00:00,32397.893,0.1239999999961583,1.0,0.0,0.0,0.0,0.0
2016-08-26 07:00:00+00:00,22017.159,0.2519999999931315,1.0,0.0,0.0,0.0,0.0
2017-01-30 16:30:00+00:00,107784.009,9.24800000002142,0.0,1.0,0.0,0.0,0.0
2015-11-11 13:30:00+00:00,70.796,0.0,0.0,0.0,0.0,1.0,0.0
2016-05-19 08:30:00+00:00,14044.424,0.3120000000053551,1.0,0.0,0.0,0.0,0.0
2016-05-25 20:15:00+00:00,76821.333,19.0,0.0,0.0,1.0,0.0,0.0
2016-09-02 14:15:00+00:00,111155.771,17.0,0.0,0.0,1.0,0.0,0.0
2015-12-23 16:30:00+00:00,689.496,0.3279999999999745,0.0,0.0,0.0,0.0,1.0
2015-12-06 01:00:00+00:00,96.257,0.0,0.0,0.0,0.0,1.0,0.0
2016-07-04 04:00:00+00:00,2623.92,0.3440000000009604,0.0,0.0,0.0,0.0,1.0
2016-09-12 08:00:00+00:00,250.481,0.0,0.0,0.0,0.0,1.0,0.0
2015-12-20 02:15:00+00:00,660.968,0.3240000000000691,0.0,0.0,0.0,0.0,1.0
2016-04-15 15:00:00+00:00,11053.69,29.312000000005355,1.0,0.0,0.0,0.0,0.0
2016-12-28 20:00:00+00:00,4147.494,0.0,0.0,0.0,0.0,0.0,1.0
2017-02-22 05:00:00+00:00,34595.19,0.2520000000076834,1.0,0.0,0.0,0.0,0.0
2017-02-02 11:15:00+00:00,169576.708,12.24800000002142,0.0,0.0,1.0,0.0,0.0
2016-09-24 05:45:00+00:00,24536.159,0.1279999999969732,1.0,0.0,0.0,0.0,0.0
2015-12-08 05:00:00+00:00,96.257,0.0,0.0,0.0,0.0,1.0,0.0
2015-12-03 17:45:00+00:00,4092.027,1.3760000000002035,1.0,0.0,0.0,0.0,0.0
2015-11-22 03:00:00+00:00,3413.675,0.0,1.0,0.0,0.0,0.0,0.0
2016-12-22 08:15:00+00:00,280.981,0.02800000000002,0.0,0.0,0.0,1.0,0.0
2016-02-15 12:45:00+00:00,111.007,0.0,0.0,0.0,0.0,1.0,0.0
2015-10-17 06:30:00+00:00,0.0,0.0,0.0,0.0,0.0,1.0,0.0
2015-10-28 19:00:00+00:00,5165.775,12.25199999999677,0.0,0.0,1.0,0.0,0.0
2016-11-18 18:00:00+00:00,93060.009,9.62400000001071,0.0,1.0,0.0,0.0,0.0
2016-06-23 15:30:00+00:00,57629.603,9.876000000018394,0.0,1.0,0.0,0.0,0.0
2015-12-04 08:15:00+00:00,536.377,0.3359999999997853,0.0,0.0,0.0,0.0,1.0
2016-11-28 01:45:00+00:00,4103.384,0.3280000000013388,0.0,0.0,0.0,0.0,1.0
2016-03-12 00:00:00+00:00,32926.332,9.62400000001071,0.0,1.0,0.0,0.0,0.0
2016-06-13 03:15:00+00:00,83186.208,14.5,0.0,0.0,1.0,0.0,0.0
2017-02-17 18:30:00+00:00,4147.494,0.0,0.0,0.0,0.0,0.0,1.0
2016-02-13 07:30:00+00:00,26396.66,9.687999999994643,0.0,1.0,0.0,0.0,0.0
2015-12-11 23:45:00+00:00,14604.07,10.940000000002328,0.0,1.0,0.0,0.0,0.0
2016-11-04 02:45:00+00:00,250.481,0.0,0.0,0.0,0.0,1.0,0.0
2016-08-23 22:30:00+00:00,72626.79,9.871999999973925,0.0,1.0,0.0,0.0,0.0
2016-11-12 08:30:00+00:00,3954.877,0.3760000000002037,0.0,0.0,0.0,0.0,1.0
2016-05-03 03:00:00+00:00,12423.19,0.2520000000004074,1.0,0.0,0.0,0.0,0.0
2016-04-30 06:00:00+00:00,68579.396,7.5,0.0,0.0,1.0,0.0,0.0
2017-01-07 08:15:00+00:00,31263.455,0.2480000000068685,1.0,0.0,0.0,0.0,0.0
2015-12-20 02:00:00+00:00,96.257,0.0,0.0,0.0,0.0,1.0,0.0
2016-02-14 00:00:00+00:00,1248.072,0.3239999999996144,0.0,0.0,0.0,0.0,1.0
2016-12-18 23:45:00+00:00,100238.259,9.62400000001071,0.0,1.0,0.0,0.0,0.0
2016-12-02 08:45:00+00:00,250.481,0.0,0.0,0.0,0.0,1.0,0.0
2017-02-05 16:00:00+00:00,33139.862,0.2520000000076834,1.0,0.0,0.0,0.0,0.0
2016-06-19 08:30:00+00:00,85329.583,13.5,0.0,0.0,1.0,0.0,0.0
2016-03-01 17:15:00+00:00,140.603,0.0,0.0,0.0,0.0,1.0,0.0
2015-12-06 22:00:00+00:00,13317.788,10.5,0.0,1.0,0.0,0.0,0.0
2016-05-12 10:30:00+00:00,72168.458,14.24800000002142,0.0,0.0,1.0,0.0,0.0
2015-11-24 17:45:00+00:00,16033.827,16.5,0.0,0.0,1.0,0.0,0.0
2015-10-17 22:30:00+00:00,19.528,0.3599999999999994,0.0,0.0,0.0,0.0,1.0
2016-03-28 19:00:00+00:00,36895.02,9.627999999996971,0.0,1.0,0.0,0.0,0.0
2015-10-17 07:00:00+00:00,676.969,16.0,0.0,0.0,1.0,0.0,0.0
2016-01-21 06:15:00+00:00,111.007,0.0,0.0,0.0,0.0,1.0,0.0
2016-08-10 13:45:00+00:00,101590.021,10.0,0.0,0.0,1.0,0.0,0.0
2016-06-02 09:15:00+00:00,169.79,0.0,0.0,0.0,0.0,1.0,0.0
2016-10-26 22:15:00+00:00,87949.353,9.752000000036787,0.0,1.0,0.0,0.0,0.0
2016-06-15 07:00:00+00:00,55625.54,9.872000000003029,0.0,1.0,0.0,0.0,0.0
2016-02-20 16:15:00+00:00,1300.872,0.3119999999998981,0.0,0.0,0.0,0.0,1.0
2016-11-04 16:00:00+00:00,136691.146,26.5,0.0,0.0,1.0,0.0,0.0
2016-12-17 11:30:00+00:00,154070.208,16.5,0.0,0.0,1.0,0.0,0.0
2016-05-28 14:45:00+00:00,77760.833,14.0,0.0,0.0,1.0,0.0,0.0
2016-06-10 07:00:00+00:00,54435.947,9.752000000007683,0.0,1.0,0.0,0.0,0.0
2017-01-01 10:30:00+00:00,30974.362,0.0,1.0,0.0,0.0,0.0,0.0
2016-03-09 01:15:00+00:00,1437.971,0.3360000000002401,0.0,0.0,0.0,0.0,1.0
2016-10-18 21:30:00+00:00,250.481,0.0,0.0,0.0,0.0,1.0,0.0
2016-06-19 00:30:00+00:00,198.962,0.0,0.0,0.0,0.0,1.0,0.0
2016-01-17 12:30:00+00:00,923.572,0.4039999999999963,0.0,0.0,0.0,0.0,1.0
2016-12-31 18:30:00+00:00,157285.833,5.74800000002142,0.0,0.0,1.0,0.0,0.0
2016-09-27 03:15:00+00:00,24676.877,0.3720000000030268,1.0,0.0,0.0,0.0,0.0
2016-10-27 04:45:00+00:00,88012.384,9.62400000001071,0.0,1.0,0.0,0.0,0.0
2016-01-24 18:00:00+00:00,36127.083,16.5,0.0,0.0,1.0,0.0,0.0
2015-12-23 22:45:00+00:00,691.566,0.3279999999999745,0.0,0.0,0.0,0.0,1.0
2016-08-26 00:00:00+00:00,107993.583,17.24800000002142,0.0,0.0,1.0,0.0,0.0
2016-07-02 08:45:00+00:00,16998.377,0.3120000000053551,1.0,0.0,0.0,0.0,0.0
2016-03-29 22:15:00+00:00,1603.141,0.3360000000002401,0.0,0.0,0.0,0.0,1.0
2016-05-26 07:15:00+00:00,76979.708,14.24800000002142,0.0,0.0,1.0,0.0,0.0
2015-12-27 20:15:00+00:00,111.007,0.0,0.0,0.0,0.0,1.0,0.0
2017-01-29 01:45:00+00:00,32593.096,0.3120000000053551,1.0,0.0,0.0,0.0,0.0
2016-03-29 07:15:00+00:00,1598.186,0.3159999999998035,0.0,0.0,0.0,0.0,1.0
2016-11-27 09:15:00+00:00,28757.174,0.1239999999961583,1.0,0.0,0.0,0.0,0.0
2017-01-06 02:45:00+00:00,31255.362,0.2520000000076834,1.0,0.0,0.0,0.0,0.0
2016-02-22 23:30:00+00:00,7711.424,0.2479999999995925,1.0,0.0,0.0,0.0,0.0
2017-01-29 03:15:00+00:00,32593.518,0.3760000000038417,1.0,0.0,0.0,0.0,0.0
2016-08-03 06:00:00+00:00,19921.127,0.3720000000030268,1.0,0.0,0.0,0.0,0.0
2015-12-05 22:30:00+00:00,549.04,0.3359999999997853,0.0,0.0,0.0,0.0,1.0
2016-10-11 03:00:00+00:00,250.481,0.0,0.0,0.0,0.0,1.0,0.0
2016-11-04 16:00:00+00:00,3890.552,0.3559999999997671,0.0,0.0,0.0,0.0,1.0
2015-11-06 11:15:00+00:00,233.393,0.3600000000000136,0.0,0.0,0.0,0.0,1.0
2016-10-16 19:45:00+00:00,3729.814,0.3279999999995198,0.0,0.0,0.0,0.0,1.0
2016-04-15 13:30:00+00:00,64065.708,12.747999999992317,0.0,0.0,1.0,0.0,0.0
2017-01-12 01:30:00+00:00,161049.646,16.25199999997858,0.0,0.0,1.0,0.0,0.0
2015-11-25 02:00:00+00:00,96.257,0.0,0.0,0.0,0.0,1.0,0.0
2016-05-13 17:30:00+00:00,13700.112,0.2519999999931315,1.0,0.0,0.0,0.0,0.0
2015-10-15 21:00:00+00:00,70.297,1.0639999999999643,1.0,0.0,0.0,0.0,0.0
2016-11-04 12:15:00+00:00,136625.396,16.0,0.0,0.0,1.0,0.0,0.0
2016-02-27 22:45:00+00:00,46175.396,12.752000000007683,0.0,0.0,1.0,0.0,0.0
2017-02-15 07:15:00+00:00,353.854,0.02800000000002,0.0,0.0,0.0,1.0,0.0
2017-02-04 21:30:00+00:00,322.36,0.02800000000002,0.0,0.0,0.0,1.0,0.0
2016-05-31 00:30:00+00:00,78571.708,14.0,0.0,0.0,1.0,0.0,0.0
2016-03-13 22:15:00+00:00,52105.021,16.252000000007683,0.0,0.0,1.0,0.0,0.0
2016-08-31 20:30:00+00:00,3224.373,0.3760000000002037,0.0,0.0,0.0,0.0,1.0
2016-09-13 07:30:00+00:00,23407.502,0.2480000000068685,1.0,0.0,0.0,0.0,0.0
2016-12-27 18:15:00+00:00,101207.509,0.7480000000214204,0.0,1.0,0.0,0.0,0.0
2016-07-15 18:00:00+00:00,224.071,0.0,0.0,0.0,0.0,1.0,0.0
2016-10-04 21:15:00+00:00,25025.034,0.0,1.0,0.0,0.0,0.0,0.0
2016-01-21 19:15:00+00:00,977.062,0.3240000000000691,0.0,0.0,0.0,0.0,1.0
2016-04-20 06:00:00+00:00,1787.537,0.3199999999997089,0.0,0.0,0.0,0.0,1.0
2015-12-18 21:15:00+00:00,96.257,0.0,0.0,0.0,0.0,1.0,0.0
2016-11-23 03:45:00+00:00,144223.021,16.75199999997858,0.0,0.0,1.0,0.0,0.0
2016-10-13 22:45:00+00:00,25402.924,0.1879999999946449,1.0,0.0,0.0,0.0,0.0
2016-07-11 20:00:00+00:00,211.679,1.1879999999999882,0.0,0.0,0.0,1.0,0.0
2016-12-14 23:30:00+00:00,153069.771,16.75199999997858,0.0,0.0,1.0,0.0,0.0
2016-12-06 01:00:00+00:00,4147.494,0.0,0.0,0.0,0.0,0.0,1.0
2017-01-14 14:45:00+00:00,104065.54,9.247999999963213,0.0,1.0,0.0,0.0,0.0
2016-04-05 01:00:00+00:00,60773.521,13.252000000007683,0.0,0.0,1.0,0.0,0.0
2016-12-07 08:30:00+00:00,29379.127,28.5,1.0,0.0,0.0,0.0,0.0
2016-02-16 13:45:00+00:00,42858.24,12.0,0.0,0.0,1.0,0.0,0.0
2016-07-15 19:30:00+00:00,224.071,0.0,0.0,0.0,0.0,1.0,0.0
2016-11-22 14:15:00+00:00,28206.705,24.184000000008385,1.0,0.0,0.0,0.0,0.0
2016-09-18 14:30:00+00:00,250.481,0.0,0.0,0.0,0.0,1.0,0.0
2016-07-06 19:15:00+00:00,17428.955,0.3120000000053551,1.0,0.0,0.0,0.0,0.0
2016-11-16 16:15:00+00:00,3997.931,1.451999999999316,0.0,0.0,0.0,0.0,1.0
2016-10-13 18:15:00+00:00,250.481,0.0,0.0,0.0,0.0,1.0,0.0
2017-01-07 12:00:00+00:00,102372.165,9.5,0.0,1.0,0.0,0.0,0.0
2015-11-16 06:45:00+00:00,334.154,0.3559999999999945,0.0,0.0,0.0,0.0,1.0
2016-02-22 22:45:00+00:00,1318.76,0.3239999999996144,0.0,0.0,0.0,0.0,1.0
2016-05-02 06:15:00+00:00,166.931,0.0,0.0,0.0,0.0,1.0,0.0
2016-04-10 08:15:00+00:00,166.931,0.0,0.0,0.0,0.0,1.0,0.0
2016-12-31 23:30:00+00:00,4147.494,0.0,0.0,0.0,0.0,0.0,1.0
2016-10-17 23:15:00+00:00,3739.455,0.3439999999991414,0.0,0.0,0.0,0.0,1.0
2016-10-29 01:30:00+00:00,134121.521,16.0,0.0,0.0,1.0,0.0,0.0
2016-09-13 02:15:00+00:00,77498.54,9.871999999973925,0.0,1.0,0.0,0.0,0.0
2017-03-02 02:45:00+00:00,180613.021,16.0,0.0,0.0,1.0,0.0,0.0
2017-02-13 07:00:00+00:00,351.063,0.043999999999869,0.0,0.0,0.0,1.0,0.0
2016-06-09 18:30:00+00:00,169.79,0.0,0.0,0.0,0.0,1.0,0.0
2016-11-10 05:45:00+00:00,91033.54,9.623999999952504,0.0,1.0,0.0,0.0,0.0
2016-04-24 10:45:00+00:00,11720.237,0.2519999999931315,1.0,0.0,0.0,0.0,0.0
2016-08-01 13:45:00+00:00,67019.665,15.123999999952504,0.0,1.0,0.0,0.0,0.0
2016-02-13 11:45:00+00:00,111.007,0.0,0.0,0.0,0.0,1.0,0.0
2016-06-22 09:00:00+00:00,198.962,0.0,0.0,0.0,0.0,1.0,0.0
2016-01-01 20:30:00+00:00,17335.367,2.0639999999984866,0.0,1.0,0.0,0.0,0.0
2016-11-01 14:00:00+00:00,3864.728,0.3440000000009604,0.0,0.0,0.0,0.0,1.0
2016-07-11 21:30:00+00:00,92074.396,12.0,0.0,0.0,1.0,0.0,0.0
2016-11-20 21:45:00+00:00,143283.146,16.5,0.0,0.0,1.0,0.0,0.0
2016-11-24 08:15:00+00:00,250.481,0.0,0.0,0.0,0.0,1.0,0.0
2016-03-10 18:15:00+00:00,166.931,0.0,0.0,0.0,0.0,1.0,0.0
2016-10-30 14:30:00+00:00,3848.142,0.3439999999991414,0.0,0.0,0.0,0.0,1.0
2015-11-02 10:30:00+00:00,28.058,1.1680000000000064,0.0,0.0,0.0,1.0,0.0
2017-03-05 23:45:00+00:00,35147.721,0.0,1.0,0.0,0.0,0.0,0.0
2016-03-02 00:45:00+00:00,7765.612,0.3760000000002037,1.0,0.0,0.0,0.0,0.0
2016-08-14 03:45:00+00:00,224.071,0.0,0.0,0.0,0.0,1.0,0.0
2016-06-11 22:00:00+00:00,169.79,0.0,0.0,0.0,0.0,1.0,0.0
2015-10-25 06:15:00+00:00,771.589,0.2480000000000473,1.0,0.0,0.0,0.0,0.0
2016-08-02 13:30:00+00:00,99183.208,23.24800000002142,0.0,0.0,1.0,0.0,0.0
2016-09-05 17:00:00+00:00,112462.333,17.0,0.0,0.0,1.0,0.0,0.0
2016-05-17 00:30:00+00:00,2089.273,0.3280000000013388,0.0,0.0,0.0,0.0,1.0
2016-08-28 21:00:00+00:00,73816.009,9.62400000001071,0.0,1.0,0.0,0.0,0.0
2016-11-30 07:00:00+00:00,95815.447,9.5,0.0,1.0,0.0,0.0,0.0
2015-11-02 23:30:00+00:00,39.916,0.1559999999999775,0.0,0.0,0.0,1.0,0.0
2017-01-27 19:15:00+00:00,32583.721,1.312000000005355,1.0,0.0,0.0,0.0,0.0
2016-07-28 03:00:00+00:00,224.071,0.0,0.0,0.0,0.0,1.0,0.0
2015-11-04 08:00:00+00:00,7774.712,16.74800000000323,0.0,0.0,1.0,0.0,0.0
2017-02-14 20:00:00+00:00,34187.815,1.3760000000183936,1.0,0.0,0.0,0.0,0.0
2017-01-19 05:00:00+00:00,302.692,0.0440000000000964,0.0,0.0,0.0,1.0,0.0
2016-10-17 09:15:00+00:00,25654.659,0.2519999999931315,1.0,0.0,0.0,0.0,0.0
2017-01-21 19:45:00+00:00,32397.299,0.2479999999923166,1.0,0.0,0.0,0.0,0.0
2016-04-29 12:45:00+00:00,44525.77,9.627999999996971,0.0,1.0,0.0,0.0,0.0
2016-06-09 03:15:00+00:00,2323.988,0.3119999999998981,0.0,0.0,0.0,0.0,1.0
2016-07-06 17:45:00+00:00,60798.822,9.87599999998929,0.0,1.0,0.0,0.0,0.0
2016-10-20 08:00:00+00:00,86389.103,9.62400000001071,0.0,1.0,0.0,0.0,0.0
2016-10-27 06:15:00+00:00,88026.884,9.62400000001071,0.0,1.0,0.0,0.0,0.0
2016-10-28 05:15:00+00:00,3828.142,0.3599999999987631,0.0,0.0,0.0,0.0,1.0
2016-09-06 22:30:00+00:00,22923.752,0.3120000000053551,1.0,0.0,0.0,0.0,0.0
2016-02-13 23:30:00+00:00,26551.66,9.812000000005357,0.0,1.0,0.0,0.0,0.0
2016-06-17 03:00:00+00:00,56067.384,9.747999999992317,0.0,1.0,0.0,0.0,0.0
2016-07-26 17:00:00+00:00,65619.447,7.25199999997858,0.0,1.0,0.0,0.0,0.0
2016-04-04 04:45:00+00:00,38411.207,9.74800000002142,0.0,1.0,0.0,0.0,0.0
2016-06-24 20:15:00+00:00,16579.784,0.3760000000038417,1.0,0.0,0.0,0.0,0.0
2016-07-25 08:00:00+00:00,224.071,0.0,0.0,0.0,0.0,1.0,0.0
2016-08-30 12:45:00+00:00,3213.306,0.3440000000009604,0.0,0.0,0.0,0.0,1.0
2016-04-19 02:30:00+00:00,11097.205,0.3720000000030268,1.0,0.0,0.0,0.0,0.0
2016-11-22 23:00:00+00:00,250.481,0.0,0.0,0.0,0.0,1.0,0.0
2016-04-19 21:30:00+00:00,65461.333,13.0,0.0,0.0,1.0,0.0,0.0
2017-03-02 22:15:00+00:00,180930.521,16.25199999997858,0.0,0.0,1.0,0.0,0.0
2015-10-19 18:45:00+00:00,1657.719,16.5,0.0,0.0,1.0,0.0,0.0
2016-08-26 19:45:00+00:00,22020.784,0.2519999999931315,1.0,0.0,0.0,0.0,0.0
2016-09-24 14:00:00+00:00,80236.009,10.0,0.0,1.0,0.0,0.0,0.0
2016-08-14 02:15:00+00:00,3044.849,0.3440000000009604,0.0,0.0,0.0,0.0,1.0
2016-05-09 22:45:00+00:00,71345.958,14.24800000002142,0.0,0.0,1.0,0.0,0.0
2016-10-30 09:45:00+00:00,88572.853,5.87599999998929,0.0,1.0,0.0,0.0,0.0
2017-02-16 04:15:00+00:00,4147.494,0.0,0.0,0.0,0.0,0.0,1.0
2016-05-26 15:00:00+00:00,14592.752,0.0,1.0,0.0,0.0,0.0,0.0
2015-10-18 13:00:00+00:00,24.556,0.3599999999999994,0.0,0.0,0.0,0.0,1.0
2015-10-26 15:45:00+00:00,864.285,1.375999999999749,1.0,0.0,0.0,0.0,0.0
2016-06-20 23:00:00+00:00,16440.221,0.3760000000038417,1.0,0.0,0.0,0.0,0.0
2016-06-21 03:15:00+00:00,198.962,0.0,0.0,0.0,0.0,1.0,0.0
2016-08-31 04:15:00+00:00,250.481,0.0,0.0,0.0,0.0,1.0,0.0
2016-10-29 10:15:00+00:00,3838.275,0.3279999999995198,0.0,0.0,0.0,0.0,1.0
2016-02-11 11:00:00+00:00,25955.379,10.312000000005357,0.0,1.0,0.0,0.0,0.0
2015-12-31 04:30:00+00:00,749.046,0.3240000000000691,0.0,0.0,0.0,0.0,1.0
2016-03-31 10:30:00+00:00,1615.108,0.3279999999995198,0.0,0.0,0.0,0.0,1.0
2016-05-25 01:00:00+00:00,14592.752,0.0,1.0,0.0,0.0,0.0,0.0
2017-02-25 07:30:00+00:00,34726.409,0.0,1.0,0.0,0.0,0.0,0.0
2016-11-27 21:15:00+00:00,250.481,0.0,0.0,0.0,0.0,1.0,0.0
2016-04-06 18:00:00+00:00,61349.271,13.752000000007683,0.0,0.0,1.0,0.0,0.0
2016-03-02 15:00:00+00:00,47580.958,19.74799999999232,0.0,0.0,1.0,0.0,0.0
2017-02-20 18:30:00+00:00,176921.271,13.25199999997858,0.0,0.0,1.0,0.0,0.0
2016-12-18 11:45:00+00:00,154469.271,16.75199999997858,0.0,0.0,1.0,0.0,0.0
2016-05-17 16:15:00+00:00,13838.065,1.312000000005355,1.0,0.0,0.0,0.0,0.0
2016-02-07 03:45:00+00:00,111.007,0.0,0.0,0.0,0.0,1.0,0.0
2017-01-01 02:45:00+00:00,4147.494,0.0,0.0,0.0,0.0,0.0,1.0
2015-10-22 11:30:00+00:00,1730.893,10.564000000000306,0.0,1.0,0.0,0.0,0.0
2016-10-06 07:30:00+00:00,3634.912,0.3759999999983847,0.0,0.0,0.0,0.0,1.0
2017-01-29 19:45:00+00:00,4147.494,0.0,0.0,0.0,0.0,0.0,1.0
2015-12-13 10:30:00+00:00,608.327,0.3159999999998035,0.0,0.0,0.0,0.0,1.0
2016-12-10 19:45:00+00:00,151407.521,16.75199999997858,0.0,0.0,1.0,0.0,0.0
2016-05-25 17:00:00+00:00,76759.771,19.0,0.0,0.0,1.0,0.0,0.0
2017-01-03 01:15:00+00:00,101405.447,5.25199999997858,0.0,1.0,0.0,0.0,0.0
2016-04-20 18:45:00+00:00,65755.396,12.25199999997858,0.0,0.0,1.0,0.0,0.0
2016-06-14 14:30:00+00:00,15933.784,0.3759999999965657,1.0,0.0,0.0,0.0,0.0
2016-02-21 04:30:00+00:00,1304.892,0.3119999999998981,0.0,0.0,0.0,0.0,1.0
2016-08-05 16:00:00+00:00,2961.09,0.3600000000005821,0.0,0.0,0.0,0.0,1.0
2017-01-16 04:30:00+00:00,31988.018,0.2519999999931315,1.0,0.0,0.0,0.0,0.0
2016-12-10 19:00:00+00:00,4147.494,0.0,0.0,0.0,0.0,0.0,1.0
2017-01-02 18:45:00+00:00,4147.494,0.0,0.0,0.0,0.0,0.0,1.0
2016-09-30 15:00:00+00:00,3555.744,0.3119999999998981,0.0,0.0,0.0,0.0,1.0
2017-02-18 23:00:00+00:00,34573.534,0.2520000000076834,1.0,0.0,0.0,0.0,0.0
2016-10-24 04:30:00+00:00,3794.24,0.3439999999991414,0.0,0.0,0.0,0.0,1.0
2015-12-12 19:00:00+00:00,14812.195,10.81199999999808,0.0,1.0,0.0,0.0,0.0
2015-12-31 00:30:00+00:00,5234.136,0.0,1.0,0.0,0.0,0.0,0.0
2016-12-26 11:00:00+00:00,284.181,0.0319999999999254,0.0,0.0,0.0,1.0,0.0
2016-12-30 09:30:00+00:00,101272.072,0.7519999999785796,0.0,1.0,0.0,0.0,0.0
2016-05-14 20:45:00+00:00,169.79,0.0,0.0,0.0,0.0,1.0,0.0
2016-03-21 04:15:00+00:00,166.931,0.0,0.0,0.0,0.0,1.0,0.0
2016-01-01 19:15:00+00:00,5234.136,0.0,1.0,0.0,0.0,0.0,0.0
2016-03-27 00:30:00+00:00,57430.208,16.5,0.0,0.0,1.0,0.0,0.0
2015-12-13 06:30:00+00:00,14936.632,11.059999999997672,0.0,1.0,0.0,0.0,0.0
2016-11-06 01:00:00+00:00,90021.29,9.5,0.0,1.0,0.0,0.0,0.0
2016-12-20 22:45:00+00:00,30766.174,0.2479999999923166,1.0,0.0,0.0,0.0,0.0
2016-12-13 05:00:00+00:00,98887.947,9.628000000026075,0.0,1.0,0.0,0.0,0.0
2015-11-01 23:15:00+00:00,194.388,0.3360000000000127,0.0,0.0,0.0,0.0,1.0
2016-10-20 00:30:00+00:00,3756.701,0.3600000000005821,0.0,0.0,0.0,0.0,1.0
2017-01-24 22:00:00+00:00,32505.862,0.0,1.0,0.0,0.0,0.0,0.0
2015-12-18 11:15:00+00:00,25649.14,16.5,0.0,0.0,1.0,0.0,0.0
2016-04-13 10:00:00+00:00,40587.02,10.0,0.0,1.0,0.0,0.0,0.0
2015-12-31 09:45:00+00:00,750.767,0.3240000000000691,0.0,0.0,0.0,0.0,1.0
2015-11-08 21:45:00+00:00,6230.471,10.25199999999677,0.0,1.0,0.0,0.0,0.0
2015-11-21 20:00:00+00:00,71.147,0.0,0.0,0.0,0.0,1.0,0.0
2016-03-17 09:45:00+00:00,1504.041,0.3359999999993306,0.0,0.0,0.0,0.0,1.0
2015-12-13 15:00:00+00:00,15028.367,10.940000000002328,0.0,1.0,0.0,0.0,0.0
2016-10-02 09:30:00+00:00,25025.034,0.0,1.0,0.0,0.0,0.0,0.0
2016-01-25 12:15:00+00:00,111.007,0.0,0.0,0.0,0.0,1.0,0.0
2015-11-27 23:45:00+00:00,96.257,0.0,0.0,0.0,0.0,1.0,0.0
2016-12-23 22:45:00+00:00,4147.494,0.0,0.0,0.0,0.0,0.0,1.0
2016-01-25 22:00:00+00:00,36533.552,12.0,0.0,0.0,1.0,0.0,0.0
2016-05-24 08:15:00+00:00,14467.534,0.3759999999965657,1.0,0.0,0.0,0.0,0.0
2015-11-07 04:30:00+00:00,70.796,0.0,0.0,0.0,0.0,1.0,0.0
2016-08-16 20:00:00+00:00,3079.345,0.3439999999991414,0.0,0.0,0.0,0.0,1.0
2016-04-17 01:00:00+00:00,1762.043,0.3439999999991414,0.0,0.0,0.0,0.0,1.0
2016-06-09 14:45:00+00:00,81986.396,27.5,0.0,0.0,1.0,0.0,0.0
2016-04-24 01:15:00+00:00,43201.52,9.627999999996971,0.0,1.0,0.0,0.0,0.0
2016-11-19 03:30:00+00:00,4028.58,0.3439999999991414,0.0,0.0,0.0,0.0,1.0
2015-12-17 22:45:00+00:00,96.257,0.0,0.0,0.0,0.0,1.0,0.0
2016-12-15 20:15:00+00:00,253.013,0.0,0.0,0.0,0.0,1.0,0.0
2016-12-06 08:45:00+00:00,250.481,0.0,0.0,0.0,0.0,1.0,0.0
2016-06-11 20:45:00+00:00,2345.263,0.3119999999998981,0.0,0.0,0.0,0.0,1.0
2015-11-24 10:15:00+00:00,94.123,1.0,0.0,0.0,0.0,1.0,0.0
2016-12-12 03:00:00+00:00,4147.494,0.0,0.0,0.0,0.0,0.0,1.0
2016-09-20 13:30:00+00:00,118592.583,24.74800000002142,0.0,0.0,1.0,0.0,0.0
2015-10-31 15:00:00+00:00,6296.4,16.376000000000204,0.0,0.0,1.0,0.0,0.0
2016-10-23 01:45:00+00:00,26154.096,0.3760000000038417,1.0,0.0,0.0,0.0,0.0
2016-08-18 01:00:00+00:00,104664.021,17.25199999997858,0.0,0.0,1.0,0.0,0.0
2016-10-21 22:30:00+00:00,86769.259,9.5,0.0,1.0,0.0,0.0,0.0
2016-05-02 20:45:00+00:00,69092.521,12.5,0.0,0.0,1.0,0.0,0.0
2016-12-23 07:45:00+00:00,30974.362,0.0,1.0,0.0,0.0,0.0,0.0
2016-08-09 20:45:00+00:00,101374.771,12.0,0.0,0.0,1.0,0.0,0.0
